Player1,Player2,Player3,Player4,Player5,Player6,Player7,Player8,Team1,Team2,Team3,Team4,Team5,Team6,Team7,Team8,Pos1,Pos2,Pos3,Pos4,Pos5,Pos6,Pos7,Pos8,Salary1,Salary2,Salary3,Salary4,Salary5,Salary6,Salary7,Salary8,Projected Value,Actual Scored,Iteration,date
Karl-Anthony Towns,Jeff Teague,Dwight Powell,Kent Bazemore,Nikola Jokic,Myles Turner,Rajon Rondo,Paul Millsap,MIN,IND,DAL,ATL,DEN,IND,CHI,ATL,PF/C,PG,PF/C,SG/SF,C,C,PG,PF,8900,7000,3800,4500,6400,6300,5600,7500,260.52,365.75,1,Dec192016
Gary Harris,Karl-Anthony Towns,Jeff Teague,Dennis Schroder,Kent Bazemore,Otto Porter,Nikola Jokic,Rajon Rondo,DEN,MIN,IND,ATL,ATL,WAS,DEN,CHI,SG,PF/C,PG,PG,SG/SF,SF/PF,C,PG,5000,8900,7000,6900,4500,5600,6400,5600,253.62,365.75,2,Dec192016
Gary Harris,Karl-Anthony Towns,Jeff Teague,Dennis Schroder,Kent Bazemore,Nikola Jokic,Rajon Rondo,Emmanuel Mudiay,DEN,MIN,IND,ATL,ATL,DEN,CHI,DEN,SG,PF/C,PG,PG,SG/SF,C,PG,PG,5000,8900,7000,6900,4500,6400,5600,5300,255.56,365.25,3,Dec192016
Gary Harris,Jeff Teague,Dennis Schroder,Kent Bazemore,Nikola Jokic,Myles Turner,Rajon Rondo,Paul Millsap,DEN,IND,ATL,ATL,DEN,IND,CHI,ATL,SG,PG,PG,SG/SF,C,C,PG,PF,5000,7000,6900,4500,6400,6300,5600,7500,256.96,365.0,4,Dec192016
Gary Harris,Karl-Anthony Towns,Jeff Teague,Kent Bazemore,Nikola Jokic,Rajon Rondo,Paul Millsap,Thaddeus Young,DEN,MIN,IND,ATL,DEN,CHI,ATL,IND,SG,PF/C,PG,SG/SF,C,PG,PF,PF,5000,8900,7000,4500,6400,5600,7500,4800,256.47,364.75,5,Dec192016
Jeff Teague,Dennis Schroder,Kent Bazemore,Otto Porter,Nikola Jokic,Myles Turner,Rajon Rondo,Paul Millsap,IND,ATL,ATL,WAS,DEN,IND,CHI,ATL,PG,PG,SG/SF,SF/PF,C,C,PG,PF,7000,6900,4500,5600,6400,6300,5600,7500,255.09,364.75,6,Dec192016
Jeff Teague,Dennis Schroder,Kent Bazemore,Nikola Jokic,Myles Turner,Rajon Rondo,Paul Millsap,Emmanuel Mudiay,IND,ATL,ATL,DEN,IND,CHI,ATL,DEN,PG,PG,SG/SF,C,C,PG,PF,PG,7000,6900,4500,6400,6300,5600,7500,5300,257.03,364.25,7,Dec192016
Karl-Anthony Towns,Jeff Teague,Dennis Schroder,Kent Bazemore,Nikola Jokic,Rajon Rondo,Cristiano Felicio,Paul Millsap,MIN,IND,ATL,ATL,DEN,CHI,CHI,ATL,PF/C,PG,PG,SG/SF,C,PG,C,PF,8900,7000,6900,4500,6400,5600,3000,7500,258.91,364.0,8,Dec192016
Karl-Anthony Towns,Jeff Teague,Kent Bazemore,Nikola Jokic,Rajon Rondo,Paul Millsap,Thaddeus Young,Emmanuel Mudiay,MIN,IND,ATL,DEN,CHI,ATL,IND,DEN,PF/C,PG,SG/SF,C,PG,PF,PF,PG,8900,7000,4500,6400,5600,7500,4800,5300,256.54,364.0,9,Dec192016
Karl-Anthony Towns,Dwight Powell,Dennis Schroder,Kent Bazemore,Nikola Jokic,Myles Turner,Rajon Rondo,Paul Millsap,MIN,DAL,ATL,ATL,DEN,IND,CHI,ATL,PF/C,PF/C,PG,SG/SF,C,C,PG,PF,8900,3800,6900,4500,6400,6300,5600,7500,262.21,364.0,10,Dec192016
Jeff Teague,Dennis Schroder,Kent Bazemore,Deron Williams,Nikola Jokic,Marcin Gortat,Rajon Rondo,Paul Millsap,IND,ATL,ATL,DAL,DEN,WAS,CHI,ATL,PG,PG,SG/SF,PG,C,C,PG,PF,7000,6900,4500,5900,6400,6000,5600,7500,262.83,364.0,11,Dec192016
Gary Harris,Andrew Wiggins,Jeff Teague,Dennis Schroder,Nikola Jokic,Rajon Rondo,Paul Millsap,Thaddeus Young,DEN,MIN,IND,ATL,DEN,CHI,ATL,IND,SG,SF,PG,PG,C,PG,PF,PF,5000,6700,7000,6900,6400,5600,7500,4800,256.43,364.0,12,Dec192016
Karl-Anthony Towns,Jeff Teague,Dwight Powell,Kent Bazemore,Nikola Jokic,Marcin Gortat,Rajon Rondo,Paul Millsap,MIN,IND,DAL,ATL,DEN,WAS,CHI,ATL,PF/C,PG,PF/C,SG/SF,C,C,PG,PF,8900,7000,3800,4500,6400,6000,5600,7500,260.14,363.5,13,Dec192016
Karl-Anthony Towns,Jeff Teague,Dennis Schroder,Kent Bazemore,Deron Williams,Nikola Jokic,Rajon Rondo,Thaddeus Young,MIN,IND,ATL,ATL,DAL,DEN,CHI,IND,PF/C,PG,PG,SG/SF,PG,C,PG,PF,8900,7000,6900,4500,5900,6400,5600,4800,258.83,363.5,14,Dec192016
Karl-Anthony Towns,Jeff Teague,Dwight Powell,Dennis Schroder,Kent Bazemore,Nikola Jokic,Myles Turner,Rajon Rondo,MIN,IND,DAL,ATL,ATL,DEN,IND,CHI,PF/C,PG,PF/C,PG,SG/SF,C,C,PG,8900,7000,3800,6900,4500,6400,6300,5600,256.63,363.25,15,Dec192016
Gary Harris,Andrew Wiggins,Jeff Teague,Dennis Schroder,Kent Bazemore,Nikola Jokic,Rajon Rondo,Paul Millsap,DEN,MIN,IND,ATL,ATL,DEN,CHI,ATL,SG,SF,PG,PG,SG/SF,C,PG,PF,5000,6700,7000,6900,4500,6400,5600,7500,257.95,363.0,16,Dec192016
Gary Harris,Karl-Anthony Towns,Dennis Schroder,Kent Bazemore,Nikola Jokic,Rajon Rondo,Paul Millsap,Thaddeus Young,DEN,MIN,ATL,ATL,DEN,CHI,ATL,IND,SG,PF/C,PG,SG/SF,C,PG,PF,PF,5000,8900,6900,4500,6400,5600,7500,4800,258.16,363.0,17,Dec192016
Karl-Anthony Towns,Jeff Teague,Dwight Powell,Kent Bazemore,Deron Williams,Nikola Jokic,Rajon Rondo,Paul Millsap,MIN,IND,DAL,ATL,DAL,DEN,CHI,ATL,PF/C,PG,PF/C,SG/SF,PG,C,PG,PF,8900,7000,3800,4500,5900,6400,5600,7500,259.22,363.0,18,Dec192016
Gary Harris,Jeff Teague,Dennis Schroder,Kent Bazemore,Nikola Jokic,Marcin Gortat,Rajon Rondo,Paul Millsap,DEN,IND,ATL,ATL,DEN,WAS,CHI,ATL,SG,PG,PG,SG/SF,C,C,PG,PF,5000,7000,6900,4500,6400,6000,5600,7500,256.58,362.75,19,Dec192016
Andrew Wiggins,Jeff Teague,Dwight Powell,Dennis Schroder,Nikola Jokic,Marcin Gortat,Rajon Rondo,Paul Millsap,MIN,IND,DAL,ATL,DEN,WAS,CHI,ATL,SF,PG,PF/C,PG,C,C,PG,PF,6700,7000,3800,6900,6400,6000,5600,7500,260.1,362.75,20,Dec192016
Russell Westbrook,Gary Harris,Jeff Teague,Dwight Powell,Kent Bazemore,Nikola Jokic,Rajon Rondo,Thaddeus Young,OKC,DEN,IND,DAL,ATL,DEN,CHI,IND,PG,SG,PG,PF/C,SG/SF,C,PG,PF,12800,5000,7000,3800,4500,6400,5600,4800,257.12,362.75,21,Dec192016
Doug McDermott,Karl-Anthony Towns,Jeff Teague,Dennis Schroder,Kent Bazemore,Nikola Jokic,Rajon Rondo,Paul Millsap,CHI,MIN,IND,ATL,ATL,DEN,CHI,ATL,SF,PF/C,PG,PG,SG/SF,C,PG,PF,3100,8900,7000,6900,4500,6400,5600,7500,255.06,362.5,22,Dec192016
Jeff Teague,Dennis Schroder,Kent Bazemore,Otto Porter,Nikola Jokic,Marcin Gortat,Rajon Rondo,Paul Millsap,IND,ATL,ATL,WAS,DEN,WAS,CHI,ATL,PG,PG,SG/SF,SF/PF,C,C,PG,PF,7000,6900,4500,5600,6400,6000,5600,7500,254.71,362.5,23,Dec192016
Andrew Wiggins,Jeff Teague,Dennis Schroder,Kent Bazemore,Nikola Jokic,Rajon Rondo,Paul Millsap,Emmanuel Mudiay,MIN,IND,ATL,ATL,DEN,CHI,ATL,DEN,SF,PG,PG,SG/SF,C,PG,PF,PG,6700,7000,6900,4500,6400,5600,7500,5300,258.02,362.25,24,Dec192016
Karl-Anthony Towns,Dennis Schroder,Kent Bazemore,Nikola Jokic,Rajon Rondo,Paul Millsap,Thaddeus Young,Emmanuel Mudiay,MIN,ATL,ATL,DEN,CHI,ATL,IND,DEN,PF/C,PG,SG/SF,C,PG,PF,PF,PG,8900,6900,4500,6400,5600,7500,4800,5300,258.23,362.25,25,Dec192016
Gary Harris,Jeff Teague,Dennis Schroder,Kent Bazemore,Deron Williams,Nikola Jokic,Rajon Rondo,Paul Millsap,DEN,IND,ATL,ATL,DAL,DEN,CHI,ATL,SG,PG,PG,SG/SF,PG,C,PG,PF,5000,7000,6900,4500,5900,6400,5600,7500,255.66,362.25,26,Dec192016
Andrew Wiggins,Jeff Teague,Dwight Powell,Dennis Schroder,Deron Williams,Nikola Jokic,Rajon Rondo,Paul Millsap,MIN,IND,DAL,ATL,DAL,DEN,CHI,ATL,SF,PG,PF/C,PG,PG,C,PG,PF,6700,7000,3800,6900,5900,6400,5600,7500,259.18,362.25,27,Dec192016
Gary Harris,Karl-Anthony Towns,Jeff Teague,Dennis Schroder,Kent Bazemore,Nikola Jokic,Rajon Rondo,Thaddeus Young,DEN,MIN,IND,ATL,ATL,DEN,CHI,IND,SG,PF/C,PG,PG,SG/SF,C,PG,PF,5000,8900,7000,6900,4500,6400,5600,4800,252.58,362.25,28,Dec192016
Gary Harris,Karl-Anthony Towns,Jeff Teague,Dwight Powell,Dennis Schroder,Kent Bazemore,Nikola Jokic,Paul Millsap,DEN,MIN,IND,DAL,ATL,ATL,DEN,ATL,SG,PF/C,PG,PF/C,PG,SG/SF,C,PF,5000,8900,7000,3800,6900,4500,6400,7500,264.09,362.0,29,Dec192016
Jeff Teague,Dennis Schroder,Kent Bazemore,Nikola Jokic,Marcin Gortat,Rajon Rondo,Paul Millsap,Emmanuel Mudiay,IND,ATL,ATL,DEN,WAS,CHI,ATL,DEN,PG,PG,SG/SF,C,C,PG,PF,PG,7000,6900,4500,6400,6000,5600,7500,5300,256.65,362.0,30,Dec192016
Karl-Anthony Towns,Jeff Teague,Dennis Schroder,Kent Bazemore,Otto Porter,Nikola Jokic,Rajon Rondo,Thaddeus Young,MIN,IND,ATL,ATL,WAS,DEN,CHI,IND,PF/C,PG,PG,SG/SF,SF/PF,C,PG,PF,8900,7000,6900,4500,5600,6400,5600,4800,250.71,362.0,31,Dec192016
Russell Westbrook,Jeff Teague,Dwight Powell,Dennis Schroder,Kent Bazemore,Nikola Jokic,Rajon Rondo,Cristiano Felicio,OKC,IND,DAL,ATL,ATL,DEN,CHI,CHI,PG,PG,PF/C,PG,SG/SF,C,PG,C,12800,7000,3800,6900,4500,6400,5600,3000,259.56,362.0,32,Dec192016
Jeff Teague,Dennis Schroder,Kent Bazemore,Deron Williams,Otto Porter,Nikola Jokic,Rajon Rondo,Paul Millsap,IND,ATL,ATL,DAL,WAS,DEN,CHI,ATL,PG,PG,SG/SF,PG,SF/PF,C,PG,PF,7000,6900,4500,5900,5600,6400,5600,7500,253.79,362.0,33,Dec192016
Gary Harris,Karl-Anthony Towns,Jeff Teague,Dwight Powell,Kent Bazemore,Nikola Jokic,Rajon Rondo,Paul Millsap,DEN,MIN,IND,DAL,ATL,DEN,CHI,ATL,SG,PF/C,PG,PF/C,SG/SF,C,PG,PF,5000,8900,7000,3800,4500,6400,5600,7500,252.97,361.75,34,Dec192016
Brandon Knight,Karl-Anthony Towns,Dennis Schroder,Kent Bazemore,Nikola Jokic,Myles Turner,Rajon Rondo,Paul Millsap,PHO,MIN,ATL,ATL,DEN,IND,CHI,ATL,PG/SG,PF/C,PG,SG/SF,C,C,PG,PF,3900,8900,6900,4500,6400,6300,5600,7500,260.38,361.75,35,Dec192016
Karl-Anthony Towns,Dwight Powell,Dennis Schroder,Kent Bazemore,Nikola Jokic,Marcin Gortat,Rajon Rondo,Paul Millsap,MIN,DAL,ATL,ATL,DEN,WAS,CHI,ATL,PF/C,PF/C,PG,SG/SF,C,C,PG,PF,8900,3800,6900,4500,6400,6000,5600,7500,261.83,361.75,36,Dec192016
Karl-Anthony Towns,Jeff Teague,Dwight Powell,Kent Bazemore,Otto Porter,Nikola Jokic,Rajon Rondo,Paul Millsap,MIN,IND,DAL,ATL,WAS,DEN,CHI,ATL,PF/C,PG,PF/C,SG/SF,SF/PF,C,PG,PF,8900,7000,3800,4500,5600,6400,5600,7500,251.1,361.5,37,Dec192016
Karl-Anthony Towns,Jeff Teague,Dennis Schroder,Kent Bazemore,Nikola Jokic,Rajon Rondo,Thaddeus Young,Emmanuel Mudiay,MIN,IND,ATL,ATL,DEN,CHI,IND,DEN,PF/C,PG,PG,SG/SF,C,PG,PF,PG,8900,7000,6900,4500,6400,5600,4800,5300,252.65,361.5,38,Dec192016
Jeff Teague,Dennis Schroder,Kent Bazemore,Deron Williams,Nikola Jokic,Rajon Rondo,Paul Millsap,Emmanuel Mudiay,IND,ATL,ATL,DAL,DEN,CHI,ATL,DEN,PG,PG,SG/SF,PG,C,PG,PF,PG,7000,6900,4500,5900,6400,5600,7500,5300,255.73,361.5,39,Dec192016
Zach LaVine,Gary Harris,Jeff Teague,Dennis Schroder,Kent Bazemore,Nikola Jokic,Rajon Rondo,Paul Millsap,MIN,DEN,IND,ATL,ATL,DEN,CHI,ATL,SG,SG,PG,PG,SG/SF,C,PG,PF,6800,5000,7000,6900,4500,6400,5600,7500,259.86,361.5,40,Dec192016
Jeff Teague,Dennis Schroder,Kent Bazemore,Nikola Jokic,Myles Turner,Rajon Rondo,Paul Millsap,Thaddeus Young,IND,ATL,ATL,DEN,IND,CHI,ATL,IND,PG,PG,SG/SF,C,C,PG,PF,PF,7000,6900,4500,6400,6300,5600,7500,4800,254.05,361.25,41,Dec192016
Gary Harris,Karl-Anthony Towns,Jeff Teague,Dennis Schroder,Kent Bazemore,Nikola Jokic,Rajon Rondo,Ricky Rubio,DEN,MIN,IND,ATL,ATL,DEN,CHI,MIN,SG,PF/C,PG,PG,SG/SF,C,PG,PG,5000,8900,7000,6900,4500,6400,5600,5400,258.67,361.25,42,Dec192016
Brandon Knight,Karl-Anthony Towns,Jeff Teague,Kent Bazemore,Nikola Jokic,Marcin Gortat,Rajon Rondo,Paul Millsap,PHO,MIN,IND,ATL,DEN,WAS,CHI,ATL,PG/SG,PF/C,PG,SG/SF,C,C,PG,PF,3900,8900,7000,4500,6400,6000,5600,7500,258.31,361.25,43,Dec192016
Andrew Wiggins,Karl-Anthony Towns,Jeff Teague,Dwight Powell,Dennis Schroder,Kent Bazemore,Nikola Jokic,Rajon Rondo,MIN,MIN,IND,DAL,ATL,ATL,DEN,CHI,SF,PF/C,PG,PF/C,PG,SG/SF,C,PG,6700,8900,7000,3800,6900,4500,6400,5600,257.62,361.25,44,Dec192016
Karl-Anthony Towns,Dwight Powell,Dennis Schroder,Kent Bazemore,Deron Williams,Nikola Jokic,Rajon Rondo,Paul Millsap,MIN,DAL,ATL,ATL,DAL,DEN,CHI,ATL,PF/C,PF/C,PG,SG/SF,PG,C,PG,PF,8900,3800,6900,4500,5900,6400,5600,7500,260.91,361.25,45,Dec192016
Karl-Anthony Towns,Jeff Teague,Dwight Powell,Kent Bazemore,Nikola Jokic,Rajon Rondo,Paul Millsap,Emmanuel Mudiay,MIN,IND,DAL,ATL,DEN,CHI,ATL,DEN,PF/C,PG,PF/C,SG/SF,C,PG,PF,PG,8900,7000,3800,4500,6400,5600,7500,5300,253.04,361.0,46,Dec192016
Gary Harris,Andrew Wiggins,Jeff Teague,Dwight Powell,Dennis Schroder,Nikola Jokic,Rajon Rondo,Paul Millsap,DEN,MIN,IND,DAL,ATL,DEN,CHI,ATL,SG,SF,PG,PF/C,PG,C,PG,PF,5000,6700,7000,3800,6900,6400,5600,7500,252.93,361.0,47,Dec192016
Karl-Anthony Towns,Jeff Teague,Kent Bazemore,Nikola Mirotic,Nikola Jokic,Myles Turner,Rajon Rondo,Paul Millsap,MIN,IND,ATL,CHI,DEN,IND,CHI,ATL,PF/C,PG,SG/SF,SF/PF,C,C,PG,PF,8900,7000,4500,3600,6400,6300,5600,7500,248.79,361.0,48,Dec192016
Karl-Anthony Towns,Jeff Teague,Dwight Powell,Dennis Schroder,Kent Bazemore,Nikola Jokic,Marcin Gortat,Rajon Rondo,MIN,IND,DAL,ATL,ATL,DEN,WAS,CHI,PF/C,PG,PF/C,PG,SG/SF,C,C,PG,8900,7000,3800,6900,4500,6400,6000,5600,256.25,361.0,49,Dec192016
Brandon Knight,Karl-Anthony Towns,Jeff Teague,Dennis Schroder,Kent Bazemore,Nikola Jokic,Myles Turner,Rajon Rondo,PHO,MIN,IND,ATL,ATL,DEN,IND,CHI,PG/SG,PF/C,PG,PG,SG/SF,C,C,PG,3900,8900,7000,6900,4500,6400,6300,5600,254.8,361.0,50,Dec192016
Russell Westbrook,Gary Harris,Dwight Powell,Dennis Schroder,Kent Bazemore,Nikola Jokic,Rajon Rondo,Thaddeus Young,OKC,DEN,DAL,ATL,ATL,DEN,CHI,IND,PG,SG,PF/C,PG,SG/SF,C,PG,PF,12800,5000,3800,6900,4500,6400,5600,4800,258.81,361.0,51,Dec192016
Gary Harris,Danilo Gallinari,Jeff Teague,Dennis Schroder,Deron Williams,Nikola Jokic,Rajon Rondo,Paul Millsap,DEN,DEN,IND,ATL,DAL,DEN,CHI,ATL,SG,SF,PG,PG,PG,C,PG,PF,5000,5700,7000,6900,5900,6400,5600,7500,258.86,361.0,52,Dec192016
Brandon Knight,Karl-Anthony Towns,Jeff Teague,Kent Bazemore,Deron Williams,Nikola Jokic,Rajon Rondo,Paul Millsap,PHO,MIN,IND,ATL,DAL,DEN,CHI,ATL,PG/SG,PF/C,PG,SG/SF,PG,C,PG,PF,3900,8900,7000,4500,5900,6400,5600,7500,257.39,360.75,53,Dec192016
Gary Harris,Jeff Teague,Dennis Schroder,Kent Bazemore,Otto Porter,Nikola Jokic,Rajon Rondo,Paul Millsap,DEN,IND,ATL,ATL,WAS,DEN,CHI,ATL,SG,PG,PG,SG/SF,SF/PF,C,PG,PF,5000,7000,6900,4500,5600,6400,5600,7500,247.54,360.75,54,Dec192016
Karl-Anthony Towns,Jeff Teague,Dwight Powell,Dennis Schroder,Kyle Korver,Nikola Jokic,Rajon Rondo,Paul Millsap,MIN,IND,DAL,ATL,ATL,DEN,CHI,ATL,PF/C,PG,PF/C,PG,SG/SF,C,PG,PF,8900,7000,3800,6900,3800,6400,5600,7500,260.03,360.75,55,Dec192016
Zach LaVine,Jeff Teague,Dennis Schroder,Kent Bazemore,Nikola Jokic,Rajon Rondo,Paul Millsap,Emmanuel Mudiay,MIN,IND,ATL,ATL,DEN,CHI,ATL,DEN,SG,PG,PG,SG/SF,C,PG,PF,PG,6800,7000,6900,4500,6400,5600,7500,5300,259.93,360.75,56,Dec192016
P.J. Tucker,Karl-Anthony Towns,Jeff Teague,Dwight Powell,Dennis Schroder,Nikola Jokic,Rajon Rondo,Paul Millsap,PHO,MIN,IND,DAL,ATL,DEN,CHI,ATL,SF,PF/C,PG,PF/C,PG,C,PG,PF,3800,8900,7000,3800,6900,6400,5600,7500,257.11,360.75,57,Dec192016
Karl-Anthony Towns,Jeff Teague,Dwight Powell,Dennis Schroder,Stanley Johnson,Nikola Jokic,Rajon Rondo,Paul Millsap,MIN,IND,DAL,ATL,DET,DEN,CHI,ATL,PF/C,PG,PF/C,PG,SG/SF,C,PG,PF,8900,7000,3800,6900,3700,6400,5600,7500,251.31,360.75,58,Dec192016
Andrew Wiggins,Jeff Teague,Dwight Powell,Dennis Schroder,Otto Porter,Nikola Jokic,Rajon Rondo,Paul Millsap,MIN,IND,DAL,ATL,WAS,DEN,CHI,ATL,SF,PG,PF/C,PG,SF/PF,C,PG,PF,6700,7000,3800,6900,5600,6400,5600,7500,251.06,360.75,59,Dec192016
Karl-Anthony Towns,Jeff Teague,Dennis Schroder,Kent Bazemore,Nikola Jokic,Rajon Rondo,Ricky Rubio,Emmanuel Mudiay,MIN,IND,ATL,ATL,DEN,CHI,MIN,DEN,PF/C,PG,PG,SG/SF,C,PG,PG,PG,8900,7000,6900,4500,6400,5600,5400,5300,258.74,360.5,60,Dec192016
Gary Harris,Karl-Anthony Towns,Jeff Teague,Kent Bazemore,Deron Williams,Nikola Jokic,Myles Turner,Rajon Rondo,DEN,MIN,IND,ATL,DAL,DEN,IND,CHI,SG,PF/C,PG,SG/SF,PG,C,C,PG,5000,8900,7000,4500,5900,6400,6300,5600,257.29,360.5,61,Dec192016
Karl-Anthony Towns,Jeff Teague,Dwight Powell,Dennis Schroder,Kent Bazemore,Deron Williams,Nikola Jokic,Rajon Rondo,MIN,IND,DAL,ATL,ATL,DAL,DEN,CHI,PF/C,PG,PF/C,PG,SG/SF,PG,C,PG,8900,7000,3800,6900,4500,5900,6400,5600,255.33,360.5,62,Dec192016
Kris Dunn,Karl-Anthony Towns,Jeff Teague,Dennis Schroder,Kent Bazemore,Nikola Jokic,Rajon Rondo,Paul Millsap,MIN,MIN,IND,ATL,ATL,DEN,CHI,ATL,PG,PF/C,PG,PG,SG/SF,C,PG,PF,3000,8900,7000,6900,4500,6400,5600,7500,255.91,360.5,63,Dec192016
Doug McDermott,Karl-Anthony Towns,Jeff Teague,Dwight Powell,Dennis Schroder,Nikola Jokic,Rajon Rondo,Paul Millsap,CHI,MIN,IND,DAL,ATL,DEN,CHI,ATL,SF,PF/C,PG,PF/C,PG,C,PG,PF,3100,8900,7000,3800,6900,6400,5600,7500,250.04,360.5,64,Dec192016
Gary Harris,Doug McDermott,Karl-Anthony Towns,Jeff Teague,Nikola Jokic,Myles Turner,Rajon Rondo,Paul Millsap,DEN,CHI,MIN,IND,DEN,IND,CHI,ATL,SG,SF,PF/C,PG,C,C,PG,PF,5000,3100,8900,7000,6400,6300,5600,7500,252.0,360.5,65,Dec192016
Gary Harris,Danilo Gallinari,Karl-Anthony Towns,Jeff Teague,Dwight Powell,Nikola Jokic,Rajon Rondo,Paul Millsap,DEN,DEN,MIN,IND,DAL,DEN,CHI,ATL,SG,SF,PF/C,PG,PF/C,C,PG,PF,5000,5700,8900,7000,3800,6400,5600,7500,256.17,360.5,66,Dec192016
Andrew Wiggins,Brandon Knight,Jeff Teague,Dennis Schroder,Nikola Jokic,Marcin Gortat,Rajon Rondo,Paul Millsap,MIN,PHO,IND,ATL,DEN,WAS,CHI,ATL,SF,PG/SG,PG,PG,C,C,PG,PF,6700,3900,7000,6900,6400,6000,5600,7500,258.27,360.5,67,Dec192016
Russell Westbrook,Gary Harris,Brandon Knight,Jeff Teague,Kent Bazemore,Nikola Jokic,Rajon Rondo,Thaddeus Young,OKC,DEN,PHO,IND,ATL,DEN,CHI,IND,PG,SG,PG/SG,PG,SG/SF,C,PG,PF,12800,5000,3900,7000,4500,6400,5600,4800,255.29,360.5,68,Dec192016
Gary Harris,Jeff Teague,Dennis Schroder,Kent Bazemore,Nikola Jokic,Rajon Rondo,Paul Millsap,Emmanuel Mudiay,DEN,IND,ATL,ATL,DEN,CHI,ATL,DEN,SG,PG,PG,SG/SF,C,PG,PF,PG,5000,7000,6900,4500,6400,5600,7500,5300,249.48,360.25,69,Dec192016
Andrew Wiggins,Jeff Teague,Dwight Powell,Dennis Schroder,Nikola Jokic,Rajon Rondo,Paul Millsap,Emmanuel Mudiay,MIN,IND,DAL,ATL,DEN,CHI,ATL,DEN,SF,PG,PF/C,PG,C,PG,PF,PG,6700,7000,3800,6900,6400,5600,7500,5300,253.0,360.25,70,Dec192016
Andrew Wiggins,Jeff Teague,Dennis Schroder,Nikola Mirotic,Nikola Jokic,Myles Turner,Rajon Rondo,Paul Millsap,MIN,IND,ATL,CHI,DEN,IND,CHI,ATL,SF,PG,PG,SF/PF,C,C,PG,PF,6700,7000,6900,3600,6400,6300,5600,7500,248.75,360.25,71,Dec192016
Gary Harris,Andrew Wiggins,Jeff Teague,Nikola Jokic,Myles Turner,Rajon Rondo,Paul Millsap,Emmanuel Mudiay,DEN,MIN,IND,DEN,IND,CHI,ATL,DEN,SG,SF,PG,C,C,PG,PF,PG,5000,6700,7000,6400,6300,5600,7500,5300,254.96,360.25,72,Dec192016
Jeff Teague,Dennis Schroder,Kent Bazemore,Nikola Jokic,Myles Turner,Rajon Rondo,Ricky Rubio,Paul Millsap,IND,ATL,ATL,DEN,IND,CHI,MIN,ATL,PG,PG,SG/SF,C,C,PG,PG,PF,7000,6900,4500,6400,6300,5600,5400,7500,260.14,360.25,73,Dec192016
Jeff Teague,Dennis Schroder,Kent Bazemore,Otto Porter,Nikola Jokic,Rajon Rondo,Paul Millsap,Emmanuel Mudiay,IND,ATL,ATL,WAS,DEN,CHI,ATL,DEN,PG,PG,SG/SF,SF/PF,C,PG,PF,PG,7000,6900,4500,5600,6400,5600,7500,5300,247.61,360.0,74,Dec192016
Gary Harris,Danilo Gallinari,Karl-Anthony Towns,Jeff Teague,Dennis Schroder,Kent Bazemore,Nikola Jokic,Rajon Rondo,DEN,DEN,MIN,IND,ATL,ATL,DEN,CHI,SG,SF,PF/C,PG,PG,SG/SF,C,PG,5000,5700,8900,7000,6900,4500,6400,5600,257.3,360.0,75,Dec192016
Gary Harris,Karl-Anthony Towns,Dwight Powell,Dennis Schroder,Kent Bazemore,Nikola Jokic,Rajon Rondo,Paul Millsap,DEN,MIN,DAL,ATL,ATL,DEN,CHI,ATL,SG,PF/C,PF/C,PG,SG/SF,C,PG,PF,5000,8900,3800,6900,4500,6400,5600,7500,254.66,360.0,76,Dec192016
Andrew Wiggins,Brandon Knight,Jeff Teague,Dennis Schroder,Deron Williams,Nikola Jokic,Rajon Rondo,Paul Millsap,MIN,PHO,IND,ATL,DAL,DEN,CHI,ATL,SF,PG/SG,PG,PG,PG,C,PG,PF,6700,3900,7000,6900,5900,6400,5600,7500,257.35,360.0,77,Dec192016
Karl-Anthony Towns,Dwight Powell,Dennis Schroder,Kent Bazemore,Otto Porter,Nikola Jokic,Rajon Rondo,Paul Millsap,MIN,DAL,ATL,ATL,WAS,DEN,CHI,ATL,PF/C,PF/C,PG,SG/SF,SF/PF,C,PG,PF,8900,3800,6900,4500,5600,6400,5600,7500,252.79,359.75,78,Dec192016
Karl-Anthony Towns,Jeff Teague,Kent Bazemore,Deron Williams,Nikola Jokic,Myles Turner,Rajon Rondo,Emmanuel Mudiay,MIN,IND,ATL,DAL,DEN,IND,CHI,DEN,PF/C,PG,SG/SF,PG,C,C,PG,PG,8900,7000,4500,5900,6400,6300,5600,5300,257.36,359.75,79,Dec192016
Zach LaVine,Karl-Anthony Towns,Jeff Teague,Dwight Powell,Dennis Schroder,Kent Bazemore,Nikola Jokic,Rajon Rondo,MIN,MIN,IND,DAL,ATL,ATL,DEN,CHI,SG,PF/C,PG,PF/C,PG,SG/SF,C,PG,6800,8900,7000,3800,6900,4500,6400,5600,259.53,359.75,80,Dec192016
Gary Harris,Thabo Sefolosha,Karl-Anthony Towns,Jeff Teague,Dennis Schroder,Otto Porter,Nikola Jokic,Rajon Rondo,DEN,ATL,MIN,IND,ATL,WAS,DEN,CHI,SG,SF,PF/C,PG,PG,SF/PF,C,PG,5000,4600,8900,7000,6900,5600,6400,5600,252.98,359.5,81,Dec192016
Jeff Teague,Dwight Powell,Dennis Schroder,Kent Bazemore,Paul George,Nikola Jokic,Rajon Rondo,Paul Millsap,IND,DAL,ATL,ATL,IND,DEN,CHI,ATL,PG,PF/C,PG,SG/SF,SF/PF,C,PG,PF,7000,3800,6900,4500,8100,6400,5600,7500,257.91,359.5,82,Dec192016
Gary Harris,Brandon Knight,Karl-Anthony Towns,Jeff Teague,Kent Bazemore,Nikola Jokic,Rajon Rondo,Paul Millsap,DEN,PHO,MIN,IND,ATL,DEN,CHI,ATL,SG,PG/SG,PF/C,PG,SG/SF,C,PG,PF,5000,3900,8900,7000,4500,6400,5600,7500,251.14,359.5,83,Dec192016
Andrew Wiggins,Brandon Knight,Karl-Anthony Towns,Jeff Teague,Dwight Powell,Nikola Jokic,Rajon Rondo,Paul Millsap,MIN,PHO,MIN,IND,DAL,DEN,CHI,ATL,SF,PG/SG,PF/C,PG,PF/C,C,PG,PF,6700,3900,8900,7000,3800,6400,5600,7500,254.66,359.5,84,Dec192016
Gary Harris,Danilo Gallinari,Jeff Teague,Dennis Schroder,Otto Porter,Nikola Jokic,Rajon Rondo,Paul Millsap,DEN,DEN,IND,ATL,WAS,DEN,CHI,ATL,SG,SF,PG,PG,SF/PF,C,PG,PF,5000,5700,7000,6900,5600,6400,5600,7500,250.74,359.5,85,Dec192016
Brandon Knight,Karl-Anthony Towns,Dennis Schroder,Kent Bazemore,Nikola Jokic,Marcin Gortat,Rajon Rondo,Paul Millsap,PHO,MIN,ATL,ATL,DEN,WAS,CHI,ATL,PG/SG,PF/C,PG,SG/SF,C,C,PG,PF,3900,8900,6900,4500,6400,6000,5600,7500,260.0,359.5,86,Dec192016
Gary Harris,Andrew Wiggins,Karl-Anthony Towns,Jeff Teague,Dwight Powell,Nikola Jokic,Myles Turner,Rajon Rondo,DEN,MIN,MIN,IND,DAL,DEN,IND,CHI,SG,SF,PF/C,PG,PF/C,C,C,PG,5000,6700,8900,7000,3800,6400,6300,5600,254.56,359.25,87,Dec192016
Gary Harris,Karl-Anthony Towns,Jeff Teague,Dwight Powell,Dennis Schroder,Kent Bazemore,Nikola Jokic,Rajon Rondo,DEN,MIN,IND,DAL,ATL,ATL,DEN,CHI,SG,PF/C,PG,PF/C,PG,SG/SF,C,PG,5000,8900,7000,3800,6900,4500,6400,5600,249.08,359.25,88,Dec192016
Karl-Anthony Towns,Dennis Schroder,Kent Bazemore,Nikola Mirotic,Nikola Jokic,Myles Turner,Rajon Rondo,Paul Millsap,MIN,ATL,ATL,CHI,DEN,IND,CHI,ATL,PF/C,PG,SG/SF,SF/PF,C,C,PG,PF,8900,6900,4500,3600,6400,6300,5600,7500,250.48,359.25,89,Dec192016
Andrew Wiggins,Jeff Teague,Dennis Schroder,Kent Bazemore,Nikola Jokic,Rajon Rondo,Paul Millsap,Thaddeus Young,MIN,IND,ATL,ATL,DEN,CHI,ATL,IND,SF,PG,PG,SG/SF,C,PG,PF,PF,6700,7000,6900,4500,6400,5600,7500,4800,255.04,359.25,90,Dec192016
Karl-Anthony Towns,Dwight Powell,Dennis Schroder,Kent Bazemore,Nikola Jokic,Rajon Rondo,Paul Millsap,Emmanuel Mudiay,MIN,DAL,ATL,ATL,DEN,CHI,ATL,DEN,PF/C,PF/C,PG,SG/SF,C,PG,PF,PG,8900,3800,6900,4500,6400,5600,7500,5300,254.73,359.25,91,Dec192016
Gary Harris,Karl-Anthony Towns,Jeff Teague,Andre Roberson,Nikola Jokic,Rajon Rondo,Paul Millsap,Emmanuel Mudiay,DEN,MIN,IND,OKC,DEN,CHI,ATL,DEN,SG,PF/C,PG,SG/SF,C,PG,PF,PG,5000,8900,7000,4100,6400,5600,7500,5300,251.88,359.25,92,Dec192016
Karl-Anthony Towns,Jeff Teague,Dennis Schroder,Andre Roberson,Nikola Mirotic,Nikola Jokic,Rajon Rondo,Paul Millsap,MIN,IND,ATL,OKC,CHI,DEN,CHI,ATL,PF/C,PG,PG,SG/SF,SF/PF,C,PG,PF,8900,7000,6900,4100,3600,6400,5600,7500,245.67,359.25,93,Dec192016
Brandon Knight,Karl-Anthony Towns,Jeff Teague,Kent Bazemore,Otto Porter,Nikola Jokic,Rajon Rondo,Paul Millsap,PHO,MIN,IND,ATL,WAS,DEN,CHI,ATL,PG/SG,PF/C,PG,SG/SF,SF/PF,C,PG,PF,3900,8900,7000,4500,5600,6400,5600,7500,249.27,359.25,94,Dec192016
Russell Westbrook,Brandon Knight,Jeff Teague,Dwight Powell,Kent Bazemore,Nikola Jokic,Marcin Gortat,Rajon Rondo,OKC,PHO,IND,DAL,ATL,DEN,WAS,CHI,PG,PG/SG,PG,PF/C,SG/SF,C,C,PG,12800,3900,7000,3800,4500,6400,6000,5600,258.96,359.25,95,Dec192016
Gary Harris,Karl-Anthony Towns,Jeff Teague,Dennis Schroder,Andre Roberson,Nikola Jokic,Marcin Gortat,Rajon Rondo,DEN,MIN,IND,ATL,OKC,DEN,WAS,CHI,SG,PF/C,PG,PG,SG/SF,C,C,PG,5000,8900,7000,6900,4100,6400,6000,5600,255.09,359.25,96,Dec192016
Karl-Anthony Towns,Jeff Teague,Dwight Powell,Dennis Schroder,Kent Bazemore,Otto Porter,Nikola Jokic,Rajon Rondo,MIN,IND,DAL,ATL,ATL,WAS,DEN,CHI,PF/C,PG,PF/C,PG,SG/SF,SF/PF,C,PG,8900,7000,3800,6900,4500,5600,6400,5600,247.21,359.0,97,Dec192016
Gary Harris,Karl-Anthony Towns,Jeff Teague,Kent Bazemore,Otto Porter,Nikola Jokic,Myles Turner,Rajon Rondo,DEN,MIN,IND,ATL,WAS,DEN,IND,CHI,SG,PF/C,PG,SG/SF,SF/PF,C,C,PG,5000,8900,7000,4500,5600,6400,6300,5600,249.17,359.0,98,Dec192016
Russell Westbrook,Jeff Teague,Dwight Powell,Kent Bazemore,Nikola Mirotic,Nikola Jokic,Myles Turner,Rajon Rondo,OKC,IND,DAL,ATL,CHI,DEN,IND,CHI,PG,PG,PF/C,SG/SF,SF/PF,C,C,PG,12800,7000,3800,4500,3600,6400,6300,5600,249.44,359.0,99,Dec192016
Gary Harris,Thabo Sefolosha,Karl-Anthony Towns,Jeff Teague,Dennis Schroder,Nikola Jokic,Rajon Rondo,Emmanuel Mudiay,DEN,ATL,MIN,IND,ATL,DEN,CHI,DEN,SG,SF,PF/C,PG,PG,C,PG,PG,5000,4600,8900,7000,6900,6400,5600,5300,254.92,359.0,100,Dec192016
