Player1,Player2,Player3,Player4,Player5,Player6,Player7,Player8,Team1,Team2,Team3,Team4,Team5,Team6,Team7,Team8,Pos1,Pos2,Pos3,Pos4,Pos5,Pos6,Pos7,Pos8,Salary1,Salary2,Salary3,Salary4,Salary5,Salary6,Salary7,Salary8,Projected Value,Actual Scored,Iteration,date
Anthony Davis,Jrue Holiday,Jeff Teague,Justin Holiday,Guillermo Hernangomez,Danilo Gallinari,Giannis Antetokounmpo,Gary Harris,NO,NO,IND,NY,NY,DEN,MIL,DEN,PF/C,PG,PG,PG/SG,C,SF,PG,SG,11500,6700,6400,3000,3000,5300,9500,4000,242.72,357.75,1,Dec152016
Anthony Davis,Jeff Teague,Justin Holiday,Myles Turner,Danilo Gallinari,Giannis Antetokounmpo,Terrence Jones,Gary Harris,NO,IND,NY,IND,DEN,MIL,NO,DEN,PF/C,PG,PG/SG,C,SF,PG,PF,SG,11500,6400,3000,6000,5300,9500,4300,4000,247.93,357.75,2,Dec152016
Anthony Davis,Jrue Holiday,Jeff Teague,Justin Holiday,Kenneth Faried,Danilo Gallinari,Damian Lillard,Gary Harris,NO,NO,IND,NY,DEN,DEN,POR,DEN,PF/C,PG,PG,PG/SG,C,SF,PG,SG,11500,6700,6400,3000,4000,5300,8800,4000,253.9,357.75,3,Dec152016
Jeff Teague,Justin Holiday,Myles Turner,Jabari Parker,Devin Booker,Giannis Antetokounmpo,Damian Lillard,Gary Harris,IND,NY,IND,MIL,PHO,MIL,POR,DEN,PG,PG/SG,C,SF/PF,SG/SF,PG,PG,SG,6400,3000,6000,6300,5200,9500,8800,4000,256.54,357.5,4,Dec152016
Anthony Davis,Jeff Teague,Justin Holiday,Kenneth Faried,Jabari Parker,Danilo Gallinari,Giannis Antetokounmpo,Gary Harris,NO,IND,NY,DEN,MIL,DEN,MIL,DEN,PF/C,PG,PG/SG,C,SF/PF,SF,PG,SG,11500,6400,3000,4000,6300,5300,9500,4000,244.81,357.5,5,Dec152016
Jrue Holiday,Justin Holiday,Myles Turner,Jabari Parker,Devin Booker,Giannis Antetokounmpo,Damian Lillard,Gary Harris,NO,NY,IND,MIL,PHO,MIL,POR,DEN,PG,PG/SG,C,SF/PF,SG/SF,PG,PG,SG,6700,3000,6000,6300,5200,9500,8800,4000,259.59,357.25,6,Dec152016
Anthony Davis,Justin Holiday,Guillermo Hernangomez,Danilo Gallinari,Giannis Antetokounmpo,Damian Lillard,Terrence Jones,Gary Harris,NO,NY,NY,DEN,MIL,POR,NO,DEN,PF/C,PG/SG,C,SF,PG,PG,PF,SG,11500,3000,3000,5300,9500,8800,4300,4000,239.89,357.0,7,Dec152016
Anthony Davis,Buddy Hield,Justin Holiday,Kenneth Faried,Danilo Gallinari,Giannis Antetokounmpo,Damian Lillard,Gary Harris,NO,NO,NY,DEN,DEN,MIL,POR,DEN,PF/C,SG,PG/SG,C,SF,PG,PG,SG,11500,3200,3000,4000,5300,9500,8800,4000,242.37,357.0,8,Dec152016
Anthony Davis,Jrue Holiday,Jeff Teague,Justin Holiday,Dewayne Dedmon,Danilo Gallinari,Giannis Antetokounmpo,Gary Harris,NO,NO,IND,NY,SA,DEN,MIL,DEN,PF/C,PG,PG,PG/SG,C,SF,PG,SG,11500,6700,6400,3000,3100,5300,9500,4000,248.31,356.5,9,Dec152016
Anthony Davis,Jrue Holiday,Jeff Teague,Justin Holiday,Guillermo Hernangomez,Danilo Gallinari,Damian Lillard,Gary Harris,NO,NO,IND,NY,NY,DEN,POR,DEN,PF/C,PG,PG,PG/SG,C,SF,PG,SG,11500,6700,6400,3000,3000,5300,8800,4000,247.07,356.0,10,Dec152016
Anthony Davis,Jeff Teague,Justin Holiday,Mason Plumlee,Danilo Gallinari,Giannis Antetokounmpo,Terrence Jones,Gary Harris,NO,IND,NY,POR,DEN,MIL,NO,DEN,PF/C,PG,PG/SG,C,SF,PG,PF,SG,11500,6400,3000,5600,5300,9500,4300,4000,247.23,356.0,11,Dec152016
Anthony Davis,Buddy Hield,Jeff Teague,Justin Holiday,Myles Turner,Danilo Gallinari,Giannis Antetokounmpo,Gary Harris,NO,NO,IND,NY,IND,DEN,MIL,DEN,PF/C,SG,PG,PG/SG,C,SF,PG,SG,11500,3200,6400,3000,6000,5300,9500,4000,243.58,356.0,12,Dec152016
Anthony Davis,Jeff Teague,Justin Holiday,Myles Turner,Danilo Gallinari,Damian Lillard,Terrence Jones,Gary Harris,NO,IND,NY,IND,DEN,POR,NO,DEN,PF/C,PG,PG/SG,C,SF,PG,PF,SG,11500,6400,3000,6000,5300,8800,4300,4000,252.28,356.0,13,Dec152016
Anthony Davis,Jeff Teague,Justin Holiday,Kenneth Faried,Jabari Parker,Danilo Gallinari,Damian Lillard,Gary Harris,NO,IND,NY,DEN,MIL,DEN,POR,DEN,PF/C,PG,PG/SG,C,SF/PF,SF,PG,SG,11500,6400,3000,4000,6300,5300,8800,4000,249.16,355.75,14,Dec152016
Anthony Davis,Jeff Teague,Justin Holiday,Guillermo Hernangomez,Jabari Parker,Danilo Gallinari,Giannis Antetokounmpo,Gary Harris,NO,IND,NY,NY,MIL,DEN,MIL,DEN,PF/C,PG,PG/SG,C,SF/PF,SF,PG,SG,11500,6400,3000,3000,6300,5300,9500,4000,237.98,355.75,15,Dec152016
Anthony Davis,Justin Holiday,Dewayne Dedmon,Danilo Gallinari,Giannis Antetokounmpo,Damian Lillard,Terrence Jones,Gary Harris,NO,NY,SA,DEN,MIL,POR,NO,DEN,PF/C,PG/SG,C,SF,PG,PG,PF,SG,11500,3000,3100,5300,9500,8800,4300,4000,245.48,355.75,16,Dec152016
Anthony Davis,Jrue Holiday,Justin Holiday,Myles Turner,Danilo Gallinari,Damian Lillard,Terrence Jones,Gary Harris,NO,NO,NY,IND,DEN,POR,NO,DEN,PF/C,PG,PG/SG,C,SF,PG,PF,SG,11500,6700,3000,6000,5300,8800,4300,4000,255.33,355.75,17,Dec152016
Anthony Davis,Jrue Holiday,Buddy Hield,Justin Holiday,Myles Turner,Danilo Gallinari,Giannis Antetokounmpo,Gary Harris,NO,NO,NO,NY,IND,DEN,MIL,DEN,PF/C,PG,SG,PG/SG,C,SF,PG,SG,11500,6700,3200,3000,6000,5300,9500,4000,246.63,355.75,18,Dec152016
Jeff Teague,Justin Holiday,Mason Plumlee,Jabari Parker,Devin Booker,Giannis Antetokounmpo,Damian Lillard,Gary Harris,IND,NY,POR,MIL,PHO,MIL,POR,DEN,PG,PG/SG,C,SF/PF,SG/SF,PG,PG,SG,6400,3000,5600,6300,5200,9500,8800,4000,255.84,355.75,19,Dec152016
Anthony Davis,Jrue Holiday,Justin Holiday,Mason Plumlee,Danilo Gallinari,Giannis Antetokounmpo,Terrence Jones,Gary Harris,NO,NO,NY,POR,DEN,MIL,NO,DEN,PF/C,PG,PG/SG,C,SF,PG,PF,SG,11500,6700,3000,5600,5300,9500,4300,4000,250.28,355.75,20,Dec152016
Anthony Davis,Jrue Holiday,Justin Holiday,Guillermo Hernangomez,Jabari Parker,Danilo Gallinari,Giannis Antetokounmpo,Gary Harris,NO,NO,NY,NY,MIL,DEN,MIL,DEN,PF/C,PG,PG/SG,C,SF/PF,SF,PG,SG,11500,6700,3000,3000,6300,5300,9500,4000,241.03,355.5,21,Dec152016
Jrue Holiday,Justin Holiday,Mason Plumlee,Jabari Parker,Devin Booker,Giannis Antetokounmpo,Damian Lillard,Gary Harris,NO,NY,POR,MIL,PHO,MIL,POR,DEN,PG,PG/SG,C,SF/PF,SG/SF,PG,PG,SG,6700,3000,5600,6300,5200,9500,8800,4000,258.89,355.5,22,Dec152016
Anthony Davis,Jrue Holiday,Justin Holiday,Kenneth Faried,Jabari Parker,Danilo Gallinari,Damian Lillard,Gary Harris,NO,NO,NY,DEN,MIL,DEN,POR,DEN,PF/C,PG,PG/SG,C,SF/PF,SF,PG,SG,11500,6700,3000,4000,6300,5300,8800,4000,252.21,355.5,23,Dec152016
Anthony Davis,Justin Holiday,Myles Turner,Jabari Parker,Danilo Gallinari,Giannis Antetokounmpo,Terrence Jones,Gary Harris,NO,NY,IND,MIL,DEN,MIL,NO,DEN,PF/C,PG/SG,C,SF/PF,SF,PG,PF,SG,11500,3000,6000,6300,5300,9500,4300,4000,246.24,355.5,24,Dec152016
Anthony Davis,Buddy Hield,Justin Holiday,Guillermo Hernangomez,Danilo Gallinari,Giannis Antetokounmpo,Damian Lillard,Gary Harris,NO,NO,NY,NY,DEN,MIL,POR,DEN,PF/C,SG,PG/SG,C,SF,PG,PG,SG,11500,3200,3000,3000,5300,9500,8800,4000,235.54,355.25,25,Dec152016
Anthony Davis,Jeff Teague,Justin Holiday,Mason Plumlee,Pau Gasol,Danilo Gallinari,Damian Lillard,Gary Harris,NO,IND,NY,POR,SA,DEN,POR,DEN,PF/C,PG,PG/SG,C,C,SF,PG,SG,11500,6400,3000,5600,5200,5300,8800,4000,265.91,354.75,26,Dec152016
Anthony Davis,Jrue Holiday,Jeff Teague,Justin Holiday,Dewayne Dedmon,Danilo Gallinari,Damian Lillard,Gary Harris,NO,NO,IND,NY,SA,DEN,POR,DEN,PF/C,PG,PG,PG/SG,C,SF,PG,SG,11500,6700,6400,3000,3100,5300,8800,4000,252.66,354.75,27,Dec152016
Anthony Davis,Jrue Holiday,Jeff Teague,Justin Holiday,JaVale McGee,Danilo Gallinari,Giannis Antetokounmpo,Gary Harris,NO,NO,IND,NY,GS,DEN,MIL,DEN,PF/C,PG,PG,PG/SG,C,SF,PG,SG,11500,6700,6400,3000,3400,5300,9500,4000,250.68,354.75,28,Dec152016
Anthony Davis,Jeff Teague,Justin Holiday,Mason Plumlee,Devin Booker,Danilo Gallinari,Damian Lillard,Gary Harris,NO,IND,NY,POR,PHO,DEN,POR,DEN,PF/C,PG,PG/SG,C,SG/SF,SF,PG,SG,11500,6400,3000,5600,5200,5300,8800,4000,260.94,354.5,29,Dec152016
Anthony Davis,Jrue Holiday,Jeff Teague,Justin Holiday,John Henson,Danilo Gallinari,Damian Lillard,Gary Harris,NO,NO,IND,NY,MIL,DEN,POR,DEN,PF/C,PG,PG,PG/SG,C,SF,PG,SG,11500,6700,6400,3000,4200,5300,8800,4000,263.94,354.5,30,Dec152016
Anthony Davis,Jrue Holiday,Jeff Teague,Justin Holiday,Myles Turner,Jabari Parker,Danilo Gallinari,Gary Harris,NO,NO,IND,NY,IND,MIL,DEN,DEN,PF/C,PG,PG,PG/SG,C,SF/PF,SF,SG,11500,6700,6400,3000,6000,6300,5300,4000,253.42,354.5,31,Dec152016
Anthony Davis,Jeff Teague,Justin Holiday,Dewayne Dedmon,Jabari Parker,Danilo Gallinari,Giannis Antetokounmpo,Gary Harris,NO,IND,NY,SA,MIL,DEN,MIL,DEN,PF/C,PG,PG/SG,C,SF/PF,SF,PG,SG,11500,6400,3000,3100,6300,5300,9500,4000,243.57,354.5,32,Dec152016
Anthony Davis,Jrue Holiday,Jeff Teague,Justin Holiday,Al Jefferson,Danilo Gallinari,Giannis Antetokounmpo,Gary Harris,NO,NO,IND,NY,IND,DEN,MIL,DEN,PF/C,PG,PG,PG/SG,C,SF,PG,SG,11500,6700,6400,3000,3100,5300,9500,4000,247.23,354.5,33,Dec152016
Anthony Davis,Jrue Holiday,Buddy Hield,Jeff Teague,Guillermo Hernangomez,Danilo Gallinari,Giannis Antetokounmpo,Gary Harris,NO,NO,NO,IND,NY,DEN,MIL,DEN,PF/C,PG,SG,PG,C,SF,PG,SG,11500,6700,3200,6400,3000,5300,9500,4000,244.06,354.25,34,Dec152016
Anthony Davis,Buddy Hield,Jeff Teague,Justin Holiday,Mason Plumlee,Danilo Gallinari,Giannis Antetokounmpo,Gary Harris,NO,NO,IND,NY,POR,DEN,MIL,DEN,PF/C,SG,PG,PG/SG,C,SF,PG,SG,11500,3200,6400,3000,5600,5300,9500,4000,242.88,354.25,35,Dec152016
Anthony Davis,Jeff Teague,Justin Holiday,Mason Plumlee,Danilo Gallinari,Damian Lillard,Terrence Jones,Gary Harris,NO,IND,NY,POR,DEN,POR,NO,DEN,PF/C,PG,PG/SG,C,SF,PG,PF,SG,11500,6400,3000,5600,5300,8800,4300,4000,251.58,354.25,36,Dec152016
Anthony Davis,Jrue Holiday,Jeff Teague,Guillermo Hernangomez,Danilo Gallinari,Damian Lillard,Terrence Jones,Gary Harris,NO,NO,IND,NY,DEN,POR,NO,DEN,PF/C,PG,PG,C,SF,PG,PF,SG,11500,6700,6400,3000,5300,8800,4300,4000,252.76,354.25,37,Dec152016
Anthony Davis,Buddy Hield,Jeff Teague,Justin Holiday,Myles Turner,Danilo Gallinari,Damian Lillard,Gary Harris,NO,NO,IND,NY,IND,DEN,POR,DEN,PF/C,SG,PG,PG/SG,C,SF,PG,SG,11500,3200,6400,3000,6000,5300,8800,4000,247.93,354.25,38,Dec152016
Anthony Davis,Jrue Holiday,Buddy Hield,Jeff Teague,Kenneth Faried,Danilo Gallinari,Damian Lillard,Gary Harris,NO,NO,NO,IND,DEN,DEN,POR,DEN,PF/C,PG,SG,PG,C,SF,PG,SG,11500,6700,3200,6400,4000,5300,8800,4000,255.24,354.25,39,Dec152016
Anthony Davis,Jrue Holiday,Justin Holiday,Dewayne Dedmon,Jabari Parker,Danilo Gallinari,Giannis Antetokounmpo,Gary Harris,NO,NO,NY,SA,MIL,DEN,MIL,DEN,PF/C,PG,PG/SG,C,SF/PF,SF,PG,SG,11500,6700,3000,3100,6300,5300,9500,4000,246.62,354.25,40,Dec152016
Anthony Davis,Jrue Holiday,Buddy Hield,Justin Holiday,Mason Plumlee,Danilo Gallinari,Giannis Antetokounmpo,Gary Harris,NO,NO,NO,NY,POR,DEN,MIL,DEN,PF/C,PG,SG,PG/SG,C,SF,PG,SG,11500,6700,3200,3000,5600,5300,9500,4000,245.93,354.0,41,Dec152016
Anthony Davis,Buddy Hield,Justin Holiday,Dewayne Dedmon,Danilo Gallinari,Giannis Antetokounmpo,Damian Lillard,Gary Harris,NO,NO,NY,SA,DEN,MIL,POR,DEN,PF/C,SG,PG/SG,C,SF,PG,PG,SG,11500,3200,3000,3100,5300,9500,8800,4000,241.13,354.0,42,Dec152016
Buddy Hield,Jeff Teague,Myles Turner,Jabari Parker,Devin Booker,Giannis Antetokounmpo,Damian Lillard,Gary Harris,NO,IND,IND,MIL,PHO,MIL,POR,DEN,SG,PG,C,SF/PF,SG/SF,PG,PG,SG,3200,6400,6000,6300,5200,9500,8800,4000,257.88,354.0,43,Dec152016
Anthony Davis,Jrue Holiday,Buddy Hield,Justin Holiday,Myles Turner,Danilo Gallinari,Damian Lillard,Gary Harris,NO,NO,NO,NY,IND,DEN,POR,DEN,PF/C,PG,SG,PG/SG,C,SF,PG,SG,11500,6700,3200,3000,6000,5300,8800,4000,250.98,354.0,44,Dec152016
Anthony Davis,Jeff Teague,Justin Holiday,Guillermo Hernangomez,Jabari Parker,Danilo Gallinari,Damian Lillard,Gary Harris,NO,IND,NY,NY,MIL,DEN,POR,DEN,PF/C,PG,PG/SG,C,SF/PF,SF,PG,SG,11500,6400,3000,3000,6300,5300,8800,4000,242.33,354.0,45,Dec152016
Anthony Davis,Jrue Holiday,Justin Holiday,Mason Plumlee,Danilo Gallinari,Damian Lillard,Terrence Jones,Gary Harris,NO,NO,NY,POR,DEN,POR,NO,DEN,PF/C,PG,PG/SG,C,SF,PG,PF,SG,11500,6700,3000,5600,5300,8800,4300,4000,254.63,354.0,46,Dec152016
Anthony Davis,Justin Holiday,JaVale McGee,Danilo Gallinari,Giannis Antetokounmpo,Damian Lillard,Terrence Jones,Gary Harris,NO,NY,GS,DEN,MIL,POR,NO,DEN,PF/C,PG/SG,C,SF,PG,PG,PF,SG,11500,3000,3400,5300,9500,8800,4300,4000,247.85,354.0,47,Dec152016
Anthony Davis,Buddy Hield,Justin Holiday,Myles Turner,Jabari Parker,Danilo Gallinari,Giannis Antetokounmpo,Gary Harris,NO,NO,NY,IND,MIL,DEN,MIL,DEN,PF/C,SG,PG/SG,C,SF/PF,SF,PG,SG,11500,3200,3000,6000,6300,5300,9500,4000,241.89,353.75,48,Dec152016
Anthony Davis,Justin Holiday,Mason Plumlee,Jabari Parker,Danilo Gallinari,Giannis Antetokounmpo,Terrence Jones,Gary Harris,NO,NY,POR,MIL,DEN,MIL,NO,DEN,PF/C,PG/SG,C,SF/PF,SF,PG,PF,SG,11500,3000,5600,6300,5300,9500,4300,4000,245.54,353.75,49,Dec152016
Jrue Holiday,Buddy Hield,Myles Turner,Jabari Parker,Devin Booker,Giannis Antetokounmpo,Damian Lillard,Gary Harris,NO,NO,IND,MIL,PHO,MIL,POR,DEN,PG,SG,C,SF/PF,SG/SF,PG,PG,SG,6700,3200,6000,6300,5200,9500,8800,4000,260.93,353.75,50,Dec152016
Anthony Davis,Justin Holiday,Myles Turner,Jabari Parker,Danilo Gallinari,Damian Lillard,Terrence Jones,Gary Harris,NO,NY,IND,MIL,DEN,POR,NO,DEN,PF/C,PG/SG,C,SF/PF,SF,PG,PF,SG,11500,3000,6000,6300,5300,8800,4300,4000,250.59,353.75,51,Dec152016
Anthony Davis,Jrue Holiday,Justin Holiday,Guillermo Hernangomez,Jabari Parker,Danilo Gallinari,Damian Lillard,Gary Harris,NO,NO,NY,NY,MIL,DEN,POR,DEN,PF/C,PG,PG/SG,C,SF/PF,SF,PG,SG,11500,6700,3000,3000,6300,5300,8800,4000,245.38,353.75,52,Dec152016
Anthony Davis,Buddy Hield,Justin Holiday,John Henson,Danilo Gallinari,Giannis Antetokounmpo,Damian Lillard,Gary Harris,NO,NO,NY,MIL,DEN,MIL,POR,DEN,PF/C,SG,PG/SG,C,SF,PG,PG,SG,11500,3200,3000,4200,5300,9500,8800,4000,252.41,353.75,53,Dec152016
Anthony Davis,Justin Holiday,Al Jefferson,Danilo Gallinari,Giannis Antetokounmpo,Damian Lillard,Terrence Jones,Gary Harris,NO,NY,IND,DEN,MIL,POR,NO,DEN,PF/C,PG/SG,C,SF,PG,PG,PF,SG,11500,3000,3100,5300,9500,8800,4300,4000,244.4,353.75,54,Dec152016
Anthony Davis,Buddy Hield,Justin Holiday,Mason Plumlee,Guillermo Hernangomez,Danilo Gallinari,Giannis Antetokounmpo,Damian Lillard,NO,NO,NY,POR,NY,DEN,MIL,POR,PF/C,SG,PG/SG,C,C,SF,PG,PG,11500,3200,3000,5600,3000,5300,9500,8800,247.25,353.5,55,Dec152016
Anthony Davis,Buddy Hield,Justin Holiday,Greg Monroe,Danilo Gallinari,Giannis Antetokounmpo,Damian Lillard,Gary Harris,NO,NO,NY,MIL,DEN,MIL,POR,DEN,PF/C,SG,PG/SG,C,SF,PG,PG,SG,11500,3200,3000,4400,5300,9500,8800,4000,249.57,353.5,56,Dec152016
Anthony Davis,Buddy Hield,Guillermo Hernangomez,Danilo Gallinari,Giannis Antetokounmpo,Damian Lillard,Terrence Jones,Gary Harris,NO,NO,NY,DEN,MIL,POR,NO,DEN,PF/C,SG,C,SF,PG,PG,PF,SG,11500,3200,3000,5300,9500,8800,4300,4000,241.23,353.5,57,Dec152016
Anthony Davis,Jrue Holiday,Buddy Hield,Jeff Teague,Dewayne Dedmon,Danilo Gallinari,Giannis Antetokounmpo,Gary Harris,NO,NO,NO,IND,SA,DEN,MIL,DEN,PF/C,PG,SG,PG,C,SF,PG,SG,11500,6700,3200,6400,3100,5300,9500,4000,249.65,353.0,58,Dec152016
Anthony Davis,Jrue Holiday,Jeff Teague,Justin Holiday,JaVale McGee,Danilo Gallinari,Damian Lillard,Gary Harris,NO,NO,IND,NY,GS,DEN,POR,DEN,PF/C,PG,PG,PG/SG,C,SF,PG,SG,11500,6700,6400,3000,3400,5300,8800,4000,255.03,353.0,59,Dec152016
Anthony Davis,Jeff Teague,Justin Holiday,Dewayne Dedmon,Jabari Parker,Danilo Gallinari,Damian Lillard,Gary Harris,NO,IND,NY,SA,MIL,DEN,POR,DEN,PF/C,PG,PG/SG,C,SF/PF,SF,PG,SG,11500,6400,3000,3100,6300,5300,8800,4000,247.92,352.75,60,Dec152016
Anthony Davis,Jeff Teague,Justin Holiday,Myles Turner,Kenneth Faried,Danilo Gallinari,Giannis Antetokounmpo,Gary Harris,NO,IND,NY,IND,DEN,DEN,MIL,DEN,PF/C,PG,PG/SG,C,C,SF,PG,SG,11500,6400,3000,6000,4000,5300,9500,4000,244.3,352.75,61,Dec152016
Anthony Davis,Jrue Holiday,Jeff Teague,Justin Holiday,Al Jefferson,Danilo Gallinari,Damian Lillard,Gary Harris,NO,NO,IND,NY,IND,DEN,POR,DEN,PF/C,PG,PG,PG/SG,C,SF,PG,SG,11500,6700,6400,3000,3100,5300,8800,4000,251.58,352.75,62,Dec152016
Anthony Davis,Jeff Teague,Justin Holiday,JaVale McGee,Jabari Parker,Danilo Gallinari,Giannis Antetokounmpo,Gary Harris,NO,IND,NY,GS,MIL,DEN,MIL,DEN,PF/C,PG,PG/SG,C,SF/PF,SF,PG,SG,11500,6400,3000,3400,6300,5300,9500,4000,245.94,352.75,63,Dec152016
Anthony Davis,Jrue Holiday,Jeff Teague,Justin Holiday,Mason Plumlee,Jabari Parker,Danilo Gallinari,Gary Harris,NO,NO,IND,NY,POR,MIL,DEN,DEN,PF/C,PG,PG,PG/SG,C,SF/PF,SF,SG,11500,6700,6400,3000,5600,6300,5300,4000,252.72,352.75,64,Dec152016
Anthony Davis,Jeff Teague,Justin Holiday,Pau Gasol,Wilson Chandler,Danilo Gallinari,Damian Lillard,Gary Harris,NO,IND,NY,SA,DEN,DEN,POR,DEN,PF/C,PG,PG/SG,C,SF/PF,SF,PG,SG,11500,6400,3000,5200,5700,5300,8800,4000,259.48,352.5,65,Dec152016
Anthony Davis,Jrue Holiday,Justin Holiday,Myles Turner,Kenneth Faried,Danilo Gallinari,Giannis Antetokounmpo,Gary Harris,NO,NO,NY,IND,DEN,DEN,MIL,DEN,PF/C,PG,PG/SG,C,C,SF,PG,SG,11500,6700,3000,6000,4000,5300,9500,4000,247.35,352.5,66,Dec152016
Anthony Davis,Buddy Hield,Jeff Teague,Justin Holiday,Mason Plumlee,Danilo Gallinari,Damian Lillard,Gary Harris,NO,NO,IND,NY,POR,DEN,POR,DEN,PF/C,SG,PG,PG/SG,C,SF,PG,SG,11500,3200,6400,3000,5600,5300,8800,4000,247.23,352.5,67,Dec152016
Anthony Davis,Buddy Hield,Jeff Teague,Mason Plumlee,Danilo Gallinari,Giannis Antetokounmpo,Terrence Jones,Gary Harris,NO,NO,IND,POR,DEN,MIL,NO,DEN,PF/C,SG,PG,C,SF,PG,PF,SG,11500,3200,6400,5600,5300,9500,4300,4000,248.57,352.5,68,Dec152016
Anthony Davis,Justin Holiday,Mason Plumlee,Pau Gasol,Jabari Parker,Danilo Gallinari,Damian Lillard,Gary Harris,NO,NY,POR,SA,MIL,DEN,POR,DEN,PF/C,PG/SG,C,C,SF/PF,SF,PG,SG,11500,3000,5600,5200,6300,5300,8800,4000,264.22,352.5,69,Dec152016
Anthony Davis,Buddy Hield,Jeff Teague,Justin Holiday,Myles Turner,Mason Plumlee,Danilo Gallinari,Damian Lillard,NO,NO,IND,NY,IND,POR,DEN,POR,PF/C,SG,PG,PG/SG,C,C,SF,PG,11500,3200,6400,3000,6000,5600,5300,8800,259.64,352.5,70,Dec152016
Anthony Davis,Buddy Hield,Jeff Teague,Myles Turner,Danilo Gallinari,Damian Lillard,Terrence Jones,Gary Harris,NO,NO,IND,IND,DEN,POR,NO,DEN,PF/C,SG,PG,C,SF,PG,PF,SG,11500,3200,6400,6000,5300,8800,4300,4000,253.62,352.5,71,Dec152016
Anthony Davis,Jeff Teague,Justin Holiday,Al Jefferson,Jabari Parker,Danilo Gallinari,Giannis Antetokounmpo,Gary Harris,NO,IND,NY,IND,MIL,DEN,MIL,DEN,PF/C,PG,PG/SG,C,SF/PF,SF,PG,SG,11500,6400,3000,3100,6300,5300,9500,4000,242.49,352.5,72,Dec152016
Anthony Davis,Jrue Holiday,Buddy Hield,Jeff Teague,Guillermo Hernangomez,Danilo Gallinari,Damian Lillard,Gary Harris,NO,NO,NO,IND,NY,DEN,POR,DEN,PF/C,PG,SG,PG,C,SF,PG,SG,11500,6700,3200,6400,3000,5300,8800,4000,248.41,352.5,73,Dec152016
Anthony Davis,Jrue Holiday,Justin Holiday,Dewayne Dedmon,Jabari Parker,Danilo Gallinari,Damian Lillard,Gary Harris,NO,NO,NY,SA,MIL,DEN,POR,DEN,PF/C,PG,PG/SG,C,SF/PF,SF,PG,SG,11500,6700,3000,3100,6300,5300,8800,4000,250.97,352.5,74,Dec152016
Anthony Davis,Jrue Holiday,Justin Holiday,JaVale McGee,Jabari Parker,Danilo Gallinari,Giannis Antetokounmpo,Gary Harris,NO,NO,NY,GS,MIL,DEN,MIL,DEN,PF/C,PG,PG/SG,C,SF/PF,SF,PG,SG,11500,6700,3000,3400,6300,5300,9500,4000,248.99,352.5,75,Dec152016
Anthony Davis,Jeff Teague,Justin Holiday,John Henson,Jabari Parker,Danilo Gallinari,Damian Lillard,Gary Harris,NO,IND,NY,MIL,MIL,DEN,POR,DEN,PF/C,PG,PG/SG,C,SF/PF,SF,PG,SG,11500,6400,3000,4200,6300,5300,8800,4000,259.2,352.5,76,Dec152016
Anthony Davis,Buddy Hield,Jeff Teague,Guillermo Hernangomez,Jabari Parker,Danilo Gallinari,Giannis Antetokounmpo,Gary Harris,NO,NO,IND,NY,MIL,DEN,MIL,DEN,PF/C,SG,PG,C,SF/PF,SF,PG,SG,11500,3200,6400,3000,6300,5300,9500,4000,239.32,352.25,77,Dec152016
Jeff Teague,Justin Holiday,Myles Turner,Devin Booker,Danilo Gallinari,Giannis Antetokounmpo,Damian Lillard,Gary Harris,IND,NY,IND,PHO,DEN,MIL,POR,DEN,PG,PG/SG,C,SG/SF,SF,PG,PG,SG,6400,3000,6000,5200,5300,9500,8800,4000,249.02,352.25,78,Dec152016
Buddy Hield,Jeff Teague,Mason Plumlee,Jabari Parker,Devin Booker,Giannis Antetokounmpo,Damian Lillard,Gary Harris,NO,IND,POR,MIL,PHO,MIL,POR,DEN,SG,PG,C,SF/PF,SG/SF,PG,PG,SG,3200,6400,5600,6300,5200,9500,8800,4000,257.18,352.25,79,Dec152016
Anthony Davis,Jeff Teague,Justin Holiday,Greg Monroe,Jabari Parker,Danilo Gallinari,Damian Lillard,Gary Harris,NO,IND,NY,MIL,MIL,DEN,POR,DEN,PF/C,PG,PG/SG,C,SF/PF,SF,PG,SG,11500,6400,3000,4400,6300,5300,8800,4000,256.36,352.25,80,Dec152016
Anthony Davis,Justin Holiday,Mason Plumlee,Jabari Parker,Devin Booker,Danilo Gallinari,Damian Lillard,Gary Harris,NO,NY,POR,MIL,PHO,DEN,POR,DEN,PF/C,PG/SG,C,SF/PF,SG/SF,SF,PG,SG,11500,3000,5600,6300,5200,5300,8800,4000,259.25,352.25,81,Dec152016
Anthony Davis,Jeff Teague,Justin Holiday,Mason Plumlee,Guillermo Hernangomez,Jabari Parker,Danilo Gallinari,Damian Lillard,NO,IND,NY,POR,NY,MIL,DEN,POR,PF/C,PG,PG/SG,C,C,SF/PF,SF,PG,11500,6400,3000,5600,3000,6300,5300,8800,254.04,352.25,82,Dec152016
Anthony Davis,Jeff Teague,Guillermo Hernangomez,Jabari Parker,Danilo Gallinari,Damian Lillard,Terrence Jones,Gary Harris,NO,IND,NY,MIL,DEN,POR,NO,DEN,PF/C,PG,C,SF/PF,SF,PG,PF,SG,11500,6400,3000,6300,5300,8800,4300,4000,248.02,352.25,83,Dec152016
Anthony Davis,Buddy Hield,Justin Holiday,Mason Plumlee,Dewayne Dedmon,Danilo Gallinari,Giannis Antetokounmpo,Damian Lillard,NO,NO,NY,POR,SA,DEN,MIL,POR,PF/C,SG,PG/SG,C,C,SF,PG,PG,11500,3200,3000,5600,3100,5300,9500,8800,252.84,352.25,84,Dec152016
Anthony Davis,Buddy Hield,Jeff Teague,Justin Holiday,Pau Gasol,Jabari Parker,Danilo Gallinari,Damian Lillard,NO,NO,IND,NY,SA,MIL,DEN,POR,PF/C,SG,PG,PG/SG,C,SF/PF,SF,PG,11500,3200,6400,3000,5200,6300,5300,8800,261.73,352.25,85,Dec152016
Anthony Davis,Buddy Hield,Dewayne Dedmon,Danilo Gallinari,Giannis Antetokounmpo,Damian Lillard,Terrence Jones,Gary Harris,NO,NO,SA,DEN,MIL,POR,NO,DEN,PF/C,SG,C,SF,PG,PG,PF,SG,11500,3200,3100,5300,9500,8800,4300,4000,246.82,352.25,86,Dec152016
Anthony Davis,Jrue Holiday,Buddy Hield,Justin Holiday,Mason Plumlee,Danilo Gallinari,Damian Lillard,Gary Harris,NO,NO,NO,NY,POR,DEN,POR,DEN,PF/C,PG,SG,PG/SG,C,SF,PG,SG,11500,6700,3200,3000,5600,5300,8800,4000,250.28,352.25,87,Dec152016
Anthony Davis,Jrue Holiday,Buddy Hield,Myles Turner,Danilo Gallinari,Damian Lillard,Terrence Jones,Gary Harris,NO,NO,NO,IND,DEN,POR,NO,DEN,PF/C,PG,SG,C,SF,PG,PF,SG,11500,6700,3200,6000,5300,8800,4300,4000,256.67,352.25,88,Dec152016
Anthony Davis,Buddy Hield,Justin Holiday,JaVale McGee,Danilo Gallinari,Giannis Antetokounmpo,Damian Lillard,Gary Harris,NO,NO,NY,GS,DEN,MIL,POR,DEN,PF/C,SG,PG/SG,C,SF,PG,PG,SG,11500,3200,3000,3400,5300,9500,8800,4000,243.5,352.25,89,Dec152016
Anthony Davis,Jeff Teague,Justin Holiday,Guillermo Hernangomez,Andre Iguodala,Giannis Antetokounmpo,Damian Lillard,Gary Harris,NO,IND,NY,NY,GS,MIL,POR,DEN,PF/C,PG,PG/SG,C,SF,PG,PG,SG,11500,6400,3000,3000,3500,9500,8800,4000,248.72,352.25,90,Dec152016
Anthony Davis,Jrue Holiday,Justin Holiday,Al Jefferson,Jabari Parker,Danilo Gallinari,Giannis Antetokounmpo,Gary Harris,NO,NO,NY,IND,MIL,DEN,MIL,DEN,PF/C,PG,PG/SG,C,SF/PF,SF,PG,SG,11500,6700,3000,3100,6300,5300,9500,4000,245.54,352.25,91,Dec152016
Anthony Davis,Buddy Hield,Jeff Teague,Kenneth Faried,Jabari Parker,Danilo Gallinari,Damian Lillard,Gary Harris,NO,NO,IND,DEN,MIL,DEN,POR,DEN,PF/C,SG,PG,C,SF/PF,SF,PG,SG,11500,3200,6400,4000,6300,5300,8800,4000,250.5,352.25,92,Dec152016
Anthony Davis,Justin Holiday,Guillermo Hernangomez,Taj Gibson,Danilo Gallinari,Giannis Antetokounmpo,Damian Lillard,Gary Harris,NO,NY,NY,CHI,DEN,MIL,POR,DEN,PF/C,PG/SG,C,PF/C,SF,PG,PG,SG,11500,3000,3000,4700,5300,9500,8800,4000,246.83,352.25,93,Dec152016
Anthony Davis,Jrue Holiday,Justin Holiday,John Henson,Jabari Parker,Danilo Gallinari,Damian Lillard,Gary Harris,NO,NO,NY,MIL,MIL,DEN,POR,DEN,PF/C,PG,PG/SG,C,SF/PF,SF,PG,SG,11500,6700,3000,4200,6300,5300,8800,4000,262.25,352.25,94,Dec152016
Anthony Davis,Justin Holiday,Kenneth Faried,Guillermo Hernangomez,Danilo Gallinari,Giannis Antetokounmpo,Damian Lillard,Gary Harris,NO,NY,DEN,NY,DEN,MIL,POR,DEN,PF/C,PG/SG,C,C,SF,PG,PG,SG,11500,3000,4000,3000,5300,9500,8800,4000,236.26,352.0,95,Dec152016
Anthony Davis,Jrue Holiday,Buddy Hield,Guillermo Hernangomez,Jabari Parker,Danilo Gallinari,Giannis Antetokounmpo,Gary Harris,NO,NO,NO,NY,MIL,DEN,MIL,DEN,PF/C,PG,SG,C,SF/PF,SF,PG,SG,11500,6700,3200,3000,6300,5300,9500,4000,242.37,352.0,96,Dec152016
Jrue Holiday,Justin Holiday,Myles Turner,Devin Booker,Danilo Gallinari,Giannis Antetokounmpo,Damian Lillard,Gary Harris,NO,NY,IND,PHO,DEN,MIL,POR,DEN,PG,PG/SG,C,SG/SF,SF,PG,PG,SG,6700,3000,6000,5200,5300,9500,8800,4000,252.07,352.0,97,Dec152016
Anthony Davis,Jrue Holiday,Buddy Hield,Justin Holiday,Pau Gasol,Jabari Parker,Danilo Gallinari,Damian Lillard,NO,NO,NO,NY,SA,MIL,DEN,POR,PF/C,PG,SG,PG/SG,C,SF/PF,SF,PG,11500,6700,3200,3000,5200,6300,5300,8800,264.78,352.0,98,Dec152016
Anthony Davis,Buddy Hield,Justin Holiday,Myles Turner,Jabari Parker,Danilo Gallinari,Damian Lillard,Gary Harris,NO,NO,NY,IND,MIL,DEN,POR,DEN,PF/C,SG,PG/SG,C,SF/PF,SF,PG,SG,11500,3200,3000,6000,6300,5300,8800,4000,246.24,352.0,99,Dec152016
Anthony Davis,Justin Holiday,Mason Plumlee,Jabari Parker,Danilo Gallinari,Damian Lillard,Terrence Jones,Gary Harris,NO,NY,POR,MIL,DEN,POR,NO,DEN,PF/C,PG/SG,C,SF/PF,SF,PG,PF,SG,11500,3000,5600,6300,5300,8800,4300,4000,249.89,352.0,100,Dec152016
