Player1,Player2,Player3,Player4,Player5,Player6,Player7,Player8,Team1,Team2,Team3,Team4,Team5,Team6,Team7,Team8,Pos1,Pos2,Pos3,Pos4,Pos5,Pos6,Pos7,Pos8,Salary1,Salary2,Salary3,Salary4,Salary5,Salary6,Salary7,Salary8,Projected Value,Actual Scored,Iteration,date
Nicolas Batum,Will Barton,Isaiah Thomas,Lou Williams,Troy Daniels,Frank Kaminsky,Hassan Whiteside,Karl-Anthony Towns,CHA,DEN,BOS,LAL,MEM,CHA,MIA,MIN,SG/SF,SG/SF,PG,SG,SG,PF,C,C,6300,4300,7600,5700,3400,4300,9000,8900,258.68,399.25,1,Dec32016
Nicolas Batum,Will Barton,Isaiah Thomas,Lou Williams,Troy Daniels,Dario Saric,Hassan Whiteside,Karl-Anthony Towns,CHA,DEN,BOS,LAL,MEM,PHI,MIA,MIN,SG/SF,SG/SF,PG,SG,SG,SF/PF,C,C,6300,4300,7600,5700,3400,4000,9000,8900,252.79,397.0,2,Dec32016
Nicolas Batum,Will Barton,Isaiah Thomas,Eric Bledsoe,Lou Williams,Troy Daniels,Frank Kaminsky,Hassan Whiteside,CHA,DEN,BOS,PHO,LAL,MEM,CHA,MIA,SG/SF,SG/SF,PG,PG,SG,SG,PF,C,6300,4300,7600,7500,5700,3400,4300,9000,254.08,396.25,3,Dec32016
Nicolas Batum,Will Barton,Eric Bledsoe,Lou Williams,Troy Daniels,Frank Kaminsky,Hassan Whiteside,Karl-Anthony Towns,CHA,DEN,PHO,LAL,MEM,CHA,MIA,MIN,SG/SF,SG/SF,PG,SG,SG,PF,C,C,6300,4300,7500,5700,3400,4300,9000,8900,261.55,395.5,4,Dec32016
Nicolas Batum,Evan Turner,Isaiah Thomas,Lou Williams,Troy Daniels,Frank Kaminsky,Hassan Whiteside,Karl-Anthony Towns,CHA,POR,BOS,LAL,MEM,CHA,MIA,MIN,SG/SF,SG/SF,PG,SG,SG,PF,C,C,6300,4300,7600,5700,3400,4300,9000,8900,261.79,395.0,5,Dec32016
Nicolas Batum,Will Barton,Isaiah Thomas,Eric Bledsoe,Lou Williams,Troy Daniels,Dario Saric,Hassan Whiteside,CHA,DEN,BOS,PHO,LAL,MEM,PHI,MIA,SG/SF,SG/SF,PG,PG,SG,SG,SF/PF,C,6300,4300,7600,7500,5700,3400,4000,9000,248.19,394.0,6,Dec32016
Nicolas Batum,Will Barton,Isaiah Thomas,Lou Williams,Troy Daniels,Ricky Rubio,Hassan Whiteside,Karl-Anthony Towns,CHA,DEN,BOS,LAL,MEM,MIN,MIA,MIN,SG/SF,SG/SF,PG,SG,SG,PG,C,C,6300,4300,7600,5700,3400,4800,9000,8900,258.55,393.75,7,Dec32016
Nicolas Batum,Will Barton,Eric Bledsoe,Lou Williams,Troy Daniels,Dario Saric,Hassan Whiteside,Karl-Anthony Towns,CHA,DEN,PHO,LAL,MEM,PHI,MIA,MIN,SG/SF,SG/SF,PG,SG,SG,SF/PF,C,C,6300,4300,7500,5700,3400,4000,9000,8900,255.66,393.25,8,Dec32016
Nicolas Batum,Will Barton,Isaiah Thomas,Troy Daniels,Frank Kaminsky,Dario Saric,Hassan Whiteside,Karl-Anthony Towns,CHA,DEN,BOS,MEM,CHA,PHI,MIA,MIN,SG/SF,SG/SF,PG,SG,PF,SF/PF,C,C,6300,4300,7600,3400,4300,4000,9000,8900,245.37,392.75,9,Dec32016
Nicolas Batum,Evan Turner,Isaiah Thomas,Lou Williams,Troy Daniels,Dario Saric,Hassan Whiteside,Karl-Anthony Towns,CHA,POR,BOS,LAL,MEM,PHI,MIA,MIN,SG/SF,SG/SF,PG,SG,SG,SF/PF,C,C,6300,4300,7600,5700,3400,4000,9000,8900,255.9,392.75,10,Dec32016
Nicolas Batum,Will Barton,Isaiah Thomas,Eric Bledsoe,Lou Williams,Troy Daniels,JaMychal Green,Hassan Whiteside,CHA,DEN,BOS,PHO,LAL,MEM,MEM,MIA,SG/SF,SG/SF,PG,PG,SG,SG,PF,C,6300,4300,7600,7500,5700,3400,5100,9000,259.37,392.75,11,Dec32016
Nicolas Batum,Will Barton,Isaiah Thomas,Klay Thompson,Troy Daniels,Dario Saric,Hassan Whiteside,Karl-Anthony Towns,CHA,DEN,BOS,GS,MEM,PHI,MIA,MIN,SG/SF,SG/SF,PG,SG,SG,SF/PF,C,C,6300,4300,7600,6400,3400,4000,9000,8900,257.21,392.75,12,Dec32016
Nicolas Batum,Will Barton,Isaiah Thomas,Eric Bledsoe,Lou Williams,Frank Kaminsky,Dario Saric,Hassan Whiteside,CHA,DEN,BOS,PHO,LAL,CHA,PHI,MIA,SG/SF,SG/SF,PG,PG,SG,PF,SF/PF,C,6300,4300,7600,7500,5700,4300,4000,9000,250.2,392.25,13,Dec32016
Nicolas Batum,Will Barton,Isaiah Thomas,Klay Thompson,Eric Bledsoe,Troy Daniels,Frank Kaminsky,Hassan Whiteside,CHA,DEN,BOS,GS,PHO,MEM,CHA,MIA,SG/SF,SG/SF,PG,SG,PG,SG,PF,C,6300,4300,7600,6400,7500,3400,4300,9000,258.5,392.0,14,Dec32016
Nicolas Batum,Bojan Bogdanovic,Isaiah Thomas,Lou Williams,Troy Daniels,Frank Kaminsky,Hassan Whiteside,Karl-Anthony Towns,CHA,BKN,BOS,LAL,MEM,CHA,MIA,MIN,SG/SF,SG/SF,PG,SG,SG,PF,C,C,6300,4200,7600,5700,3400,4300,9000,8900,254.22,392.0,15,Dec32016
Nicolas Batum,Evan Turner,Isaiah Thomas,Eric Bledsoe,Lou Williams,Troy Daniels,Frank Kaminsky,Hassan Whiteside,CHA,POR,BOS,PHO,LAL,MEM,CHA,MIA,SG/SF,SG/SF,PG,PG,SG,SG,PF,C,6300,4300,7600,7500,5700,3400,4300,9000,257.19,392.0,16,Dec32016
Nicolas Batum,Will Barton,Isaiah Thomas,Troy Daniels,JaMychal Green,Frank Kaminsky,Hassan Whiteside,Karl-Anthony Towns,CHA,DEN,BOS,MEM,MEM,CHA,MIA,MIN,SG/SF,SG/SF,PG,SG,PF,PF,C,C,6300,4300,7600,3400,5100,4300,9000,8900,256.55,391.5,17,Dec32016
Will Barton,Isaiah Thomas,Klay Thompson,Lou Williams,Troy Daniels,Frank Kaminsky,Hassan Whiteside,Karl-Anthony Towns,DEN,BOS,GS,LAL,MEM,CHA,MIA,MIN,SG/SF,PG,SG,SG,SG,PF,C,C,4300,7600,6400,5700,3400,4300,9000,8900,256.8,391.5,18,Dec32016
Nicolas Batum,Will Barton,Eric Bledsoe,Lou Williams,Frank Kaminsky,Dario Saric,Hassan Whiteside,Karl-Anthony Towns,CHA,DEN,PHO,LAL,CHA,PHI,MIA,MIN,SG/SF,SG/SF,PG,SG,PF,SF/PF,C,C,6300,4300,7500,5700,4300,4000,9000,8900,257.67,391.5,19,Dec32016
Jimmy Butler,Nicolas Batum,Will Barton,Isaiah Thomas,Lou Williams,Troy Daniels,Frank Kaminsky,Hassan Whiteside,CHI,CHA,DEN,BOS,LAL,MEM,CHA,MIA,SG/SF,SG/SF,SG/SF,PG,SG,SG,PF,C,8400,6300,4300,7600,5700,3400,4300,9000,260.7,391.25,20,Dec32016
Nicolas Batum,Evan Turner,Eric Bledsoe,Lou Williams,Troy Daniels,Frank Kaminsky,Hassan Whiteside,Karl-Anthony Towns,CHA,POR,PHO,LAL,MEM,CHA,MIA,MIN,SG/SF,SG/SF,PG,SG,SG,PF,C,C,6300,4300,7500,5700,3400,4300,9000,8900,264.66,391.25,21,Dec32016
Nicolas Batum,Will Barton,Isaiah Thomas,Eric Bledsoe,Lou Williams,JaMychal Green,Frank Kaminsky,Hassan Whiteside,CHA,DEN,BOS,PHO,LAL,MEM,CHA,MIA,SG/SF,SG/SF,PG,PG,SG,PF,PF,C,6300,4300,7600,7500,5700,5100,4300,9000,261.38,391.0,22,Dec32016
Giannis Antetokounmpo,Nicolas Batum,Will Barton,Isaiah Thomas,Troy Daniels,Frank Kaminsky,Dario Saric,Hassan Whiteside,MIL,CHA,DEN,BOS,MEM,CHA,PHI,MIA,PG,SG/SF,SG/SF,PG,SG,PF,SF/PF,C,10400,6300,4300,7600,3400,4300,4000,9000,256.66,391.0,23,Dec32016
Will Barton,Isaiah Thomas,Eric Bledsoe,Troy Daniels,Frank Kaminsky,Dario Saric,Hassan Whiteside,Karl-Anthony Towns,DEN,BOS,PHO,MEM,CHA,PHI,MIA,MIN,SG/SF,PG,PG,SG,PF,SF/PF,C,C,4300,7600,7500,3400,4300,4000,9000,8900,253.07,391.0,24,Dec32016
Nicolas Batum,Will Barton,Isaiah Thomas,Eric Bledsoe,Lou Williams,Troy Daniels,Ricky Rubio,Hassan Whiteside,CHA,DEN,BOS,PHO,LAL,MEM,MIN,MIA,SG/SF,SG/SF,PG,PG,SG,SG,PG,C,6300,4300,7600,7500,5700,3400,4800,9000,253.95,390.75,25,Dec32016
Nicolas Batum,Will Barton,Isaiah Thomas,Eric Bledsoe,Troy Daniels,Frank Kaminsky,Hassan Whiteside,Marc Gasol,CHA,DEN,BOS,PHO,MEM,CHA,MIA,MEM,SG/SF,SG/SF,PG,PG,SG,PF,C,C,6300,4300,7600,7500,3400,4300,9000,7100,265.54,390.5,26,Dec32016
Nicolas Batum,Will Barton,Isaiah Thomas,Klay Thompson,Lou Williams,Troy Daniels,Frank Kaminsky,Hassan Whiteside,CHA,DEN,BOS,GS,LAL,MEM,CHA,MIA,SG/SF,SG/SF,PG,SG,SG,SG,PF,C,6300,4300,7600,6400,5700,3400,4300,9000,244.5,390.25,27,Dec32016
Nicolas Batum,Will Barton,Isaiah Thomas,Eric Bledsoe,Lou Williams,Wesley Matthews,Troy Daniels,Hassan Whiteside,CHA,DEN,BOS,PHO,LAL,DAL,MEM,MIA,SG/SF,SG/SF,PG,PG,SG,SG,SG,C,6300,4300,7600,7500,5700,5000,3400,9000,259.36,390.25,28,Dec32016
Nicolas Batum,Will Barton,Isaiah Thomas,Eric Bledsoe,Troy Daniels,Goran Dragic,Frank Kaminsky,Hassan Whiteside,CHA,DEN,BOS,PHO,MEM,MIA,CHA,MIA,SG/SF,SG/SF,PG,PG,SG,PG,PF,C,6300,4300,7600,7500,3400,6900,4300,9000,264.47,390.0,29,Dec32016
Nicolas Batum,Will Barton,Eric Bledsoe,Lou Williams,Troy Daniels,Ricky Rubio,Hassan Whiteside,Karl-Anthony Towns,CHA,DEN,PHO,LAL,MEM,MIN,MIA,MIN,SG/SF,SG/SF,PG,SG,SG,PG,C,C,6300,4300,7500,5700,3400,4800,9000,8900,261.42,390.0,30,Dec32016
Nicolas Batum,Will Barton,Isaiah Thomas,Lou Williams,Troy Daniels,Deron Williams,Hassan Whiteside,Karl-Anthony Towns,CHA,DEN,BOS,LAL,MEM,DAL,MIA,MIN,SG/SF,SG/SF,PG,SG,SG,PG,C,C,6300,4300,7600,5700,3400,4600,9000,8900,264.53,390.0,31,Dec32016
Nicolas Batum,Bojan Bogdanovic,Isaiah Thomas,Lou Williams,Troy Daniels,Dario Saric,Hassan Whiteside,Karl-Anthony Towns,CHA,BKN,BOS,LAL,MEM,PHI,MIA,MIN,SG/SF,SG/SF,PG,SG,SG,SF/PF,C,C,6300,4200,7600,5700,3400,4000,9000,8900,248.33,389.75,32,Dec32016
Nicolas Batum,Evan Turner,Isaiah Thomas,Eric Bledsoe,Lou Williams,Troy Daniels,Dario Saric,Hassan Whiteside,CHA,POR,BOS,PHO,LAL,MEM,PHI,MIA,SG/SF,SG/SF,PG,PG,SG,SG,SF/PF,C,6300,4300,7600,7500,5700,3400,4000,9000,251.3,389.75,33,Dec32016
Nicolas Batum,Will Barton,Isaiah Thomas,Eric Bledsoe,Troy Daniels,Frank Kaminsky,Dario Saric,Hassan Whiteside,CHA,DEN,BOS,PHO,MEM,CHA,PHI,MIA,SG/SF,SG/SF,PG,PG,SG,PF,SF/PF,C,6300,4300,7600,7500,3400,4300,4000,9000,240.77,389.75,34,Dec32016
Nicolas Batum,Will Barton,Isaiah Thomas,Klay Thompson,Eric Bledsoe,Troy Daniels,Dario Saric,Hassan Whiteside,CHA,DEN,BOS,GS,PHO,MEM,PHI,MIA,SG/SF,SG/SF,PG,SG,PG,SG,SF/PF,C,6300,4300,7600,6400,7500,3400,4000,9000,252.61,389.75,35,Dec32016
Nicolas Batum,Will Barton,Isaiah Thomas,Eric Bledsoe,Lou Williams,Troy Daniels,Frank Kaminsky,Karl-Anthony Towns,CHA,DEN,BOS,PHO,LAL,MEM,CHA,MIN,SG/SF,SG/SF,PG,PG,SG,SG,PF,C,6300,4300,7600,7500,5700,3400,4300,8900,251.88,389.5,36,Dec32016
Nicolas Batum,Will Barton,Isaiah Thomas,Troy Daniels,Frank Kaminsky,Ricky Rubio,Hassan Whiteside,Karl-Anthony Towns,CHA,DEN,BOS,MEM,CHA,MIN,MIA,MIN,SG/SF,SG/SF,PG,SG,PF,PG,C,C,6300,4300,7600,3400,4300,4800,9000,8900,251.13,389.5,37,Dec32016
Nicolas Batum,Will Barton,Klay Thompson,Lou Williams,Troy Daniels,Frank Kaminsky,Hassan Whiteside,Karl-Anthony Towns,CHA,DEN,GS,LAL,MEM,CHA,MIA,MIN,SG/SF,SG/SF,SG,SG,SG,PF,C,C,6300,4300,6400,5700,3400,4300,9000,8900,251.97,389.5,38,Dec32016
Nicolas Batum,Draymond Green,Isaiah Thomas,Lou Williams,Troy Daniels,Frank Kaminsky,Dario Saric,Hassan Whiteside,CHA,GS,BOS,LAL,MEM,CHA,PHI,MIA,SG/SF,PF/C,PG,SG,SG,PF,SF/PF,C,6300,8200,7600,5700,3400,4300,4000,9000,244.47,389.5,39,Dec32016
Nicolas Batum,Evan Turner,Isaiah Thomas,Lou Williams,Troy Daniels,Ricky Rubio,Hassan Whiteside,Karl-Anthony Towns,CHA,POR,BOS,LAL,MEM,MIN,MIA,MIN,SG/SF,SG/SF,PG,SG,SG,PG,C,C,6300,4300,7600,5700,3400,4800,9000,8900,261.66,389.5,40,Dec32016
Will Barton,Isaiah Thomas,Lou Williams,Troy Daniels,Frank Kaminsky,Dario Saric,Hassan Whiteside,Karl-Anthony Towns,DEN,BOS,LAL,MEM,CHA,PHI,MIA,MIN,SG/SF,PG,SG,SG,PF,SF/PF,C,C,4300,7600,5700,3400,4300,4000,9000,8900,239.07,389.25,41,Dec32016
Nicolas Batum,Will Barton,Isaiah Thomas,Troy Daniels,JaMychal Green,Dario Saric,Hassan Whiteside,Karl-Anthony Towns,CHA,DEN,BOS,MEM,MEM,PHI,MIA,MIN,SG/SF,SG/SF,PG,SG,PF,SF/PF,C,C,6300,4300,7600,3400,5100,4000,9000,8900,250.66,389.25,42,Dec32016
Will Barton,Isaiah Thomas,Klay Thompson,Lou Williams,Troy Daniels,Dario Saric,Hassan Whiteside,Karl-Anthony Towns,DEN,BOS,GS,LAL,MEM,PHI,MIA,MIN,SG/SF,PG,SG,SG,SG,SF/PF,C,C,4300,7600,6400,5700,3400,4000,9000,8900,250.91,389.25,43,Dec32016
Nicolas Batum,Bojan Bogdanovic,Isaiah Thomas,Eric Bledsoe,Lou Williams,Troy Daniels,Frank Kaminsky,Hassan Whiteside,CHA,BKN,BOS,PHO,LAL,MEM,CHA,MIA,SG/SF,SG/SF,PG,PG,SG,SG,PF,C,6300,4200,7600,7500,5700,3400,4300,9000,249.62,389.0,44,Dec32016
Nicolas Batum,Evan Turner,Eric Bledsoe,Lou Williams,Troy Daniels,Dario Saric,Hassan Whiteside,Karl-Anthony Towns,CHA,POR,PHO,LAL,MEM,PHI,MIA,MIN,SG/SF,SG/SF,PG,SG,SG,SF/PF,C,C,6300,4300,7500,5700,3400,4000,9000,8900,258.77,389.0,45,Dec32016
Nicolas Batum,Will Barton,Isaiah Thomas,Wesley Matthews,Troy Daniels,Frank Kaminsky,Hassan Whiteside,Karl-Anthony Towns,CHA,DEN,BOS,DAL,MEM,CHA,MIA,MIN,SG/SF,SG/SF,PG,SG,SG,PF,C,C,6300,4300,7600,5000,3400,4300,9000,8900,256.54,389.0,46,Dec32016
Nicolas Batum,Will Barton,Eric Bledsoe,Troy Daniels,Frank Kaminsky,Dario Saric,Hassan Whiteside,Karl-Anthony Towns,CHA,DEN,PHO,MEM,CHA,PHI,MIA,MIN,SG/SF,SG/SF,PG,SG,PF,SF/PF,C,C,6300,4300,7500,3400,4300,4000,9000,8900,248.24,389.0,47,Dec32016
Nicolas Batum,Will Barton,Klay Thompson,Eric Bledsoe,Troy Daniels,Dario Saric,Hassan Whiteside,Karl-Anthony Towns,CHA,DEN,GS,PHO,MEM,PHI,MIA,MIN,SG/SF,SG/SF,SG,PG,SG,SF/PF,C,C,6300,4300,6400,7500,3400,4000,9000,8900,260.08,389.0,48,Dec32016
Nicolas Batum,Will Barton,Isaiah Thomas,Eric Bledsoe,Lou Williams,Frank Kaminsky,Ricky Rubio,Hassan Whiteside,CHA,DEN,BOS,PHO,LAL,CHA,MIN,MIA,SG/SF,SG/SF,PG,PG,SG,PF,PG,C,6300,4300,7600,7500,5700,4300,4800,9000,255.96,389.0,49,Dec32016
Jimmy Butler,Nicolas Batum,Will Barton,Isaiah Thomas,Lou Williams,Troy Daniels,Dario Saric,Hassan Whiteside,CHI,CHA,DEN,BOS,LAL,MEM,PHI,MIA,SG/SF,SG/SF,SG/SF,PG,SG,SG,SF/PF,C,8400,6300,4300,7600,5700,3400,4000,9000,254.81,389.0,50,Dec32016
Nicolas Batum,Will Barton,Isaiah Thomas,Lou Williams,Troy Daniels,Hassan Whiteside,Karl-Anthony Towns,Luol Deng,CHA,DEN,BOS,LAL,MEM,MIA,MIN,LAL,SG/SF,SG/SF,PG,SG,SG,C,C,SF/PF,6300,4300,7600,5700,3400,9000,8900,3800,252.64,388.75,51,Dec32016
Nicolas Batum,Will Barton,Isaiah Thomas,Eric Bledsoe,Lou Williams,JaMychal Green,Dario Saric,Hassan Whiteside,CHA,DEN,BOS,PHO,LAL,MEM,PHI,MIA,SG/SF,SG/SF,PG,PG,SG,PF,SF/PF,C,6300,4300,7600,7500,5700,5100,4000,9000,255.49,388.75,52,Dec32016
Nicolas Batum,Will Barton,Isaiah Thomas,Eric Bledsoe,Lou Williams,Troy Daniels,Sergio Rodriguez,Hassan Whiteside,CHA,DEN,BOS,PHO,LAL,MEM,PHI,MIA,SG/SF,SG/SF,PG,PG,SG,SG,PG,C,6300,4300,7600,7500,5700,3400,4900,9000,257.44,388.75,53,Dec32016
Nicolas Batum,Will Barton,Isaiah Thomas,Eric Bledsoe,Lou Williams,Troy Daniels,Hassan Whiteside,John Henson,CHA,DEN,BOS,PHO,LAL,MEM,MIA,MIL,SG/SF,SG/SF,PG,PG,SG,SG,C,C,6300,4300,7600,7500,5700,3400,9000,4400,258.89,388.75,54,Dec32016
Nicolas Batum,Will Barton,Isaiah Thomas,Lou Williams,Troy Daniels,Frank Kaminsky,Hassan Whiteside,Marc Gasol,CHA,DEN,BOS,LAL,MEM,CHA,MIA,MEM,SG/SF,SG/SF,PG,SG,SG,PF,C,C,6300,4300,7600,5700,3400,4300,9000,7100,251.54,388.75,55,Dec32016
Nicolas Batum,Will Barton,Isaiah Thomas,Klay Thompson,Lou Williams,Troy Daniels,Hassan Whiteside,Marc Gasol,CHA,DEN,BOS,GS,LAL,MEM,MIA,MEM,SG/SF,SG/SF,PG,SG,SG,SG,C,C,6300,4300,7600,6400,5700,3400,9000,7100,263.38,388.75,56,Dec32016
Nicolas Batum,Will Barton,Isaiah Thomas,Klay Thompson,Eric Bledsoe,Troy Daniels,JaMychal Green,Hassan Whiteside,CHA,DEN,BOS,GS,PHO,MEM,MEM,MIA,SG/SF,SG/SF,PG,SG,PG,SG,PF,C,6300,4300,7600,6400,7500,3400,5100,9000,263.79,388.5,57,Dec32016
Nicolas Batum,Evan Turner,Isaiah Thomas,Troy Daniels,Frank Kaminsky,Dario Saric,Hassan Whiteside,Karl-Anthony Towns,CHA,POR,BOS,MEM,CHA,PHI,MIA,MIN,SG/SF,SG/SF,PG,SG,PF,SF/PF,C,C,6300,4300,7600,3400,4300,4000,9000,8900,248.48,388.5,58,Dec32016
Nicolas Batum,Will Barton,Isaiah Thomas,Eric Bledsoe,Troy Daniels,JaMychal Green,Frank Kaminsky,Hassan Whiteside,CHA,DEN,BOS,PHO,MEM,MEM,CHA,MIA,SG/SF,SG/SF,PG,PG,SG,PF,PF,C,6300,4300,7600,7500,3400,5100,4300,9000,251.95,388.5,59,Dec32016
Nicolas Batum,Evan Turner,Isaiah Thomas,Eric Bledsoe,Lou Williams,Troy Daniels,JaMychal Green,Hassan Whiteside,CHA,POR,BOS,PHO,LAL,MEM,MEM,MIA,SG/SF,SG/SF,PG,PG,SG,SG,PF,C,6300,4300,7600,7500,5700,3400,5100,9000,262.48,388.5,60,Dec32016
Nicolas Batum,Will Barton,Isaiah Thomas,Eric Bledsoe,Troy Daniels,Andrew Wiggins,Frank Kaminsky,Hassan Whiteside,CHA,DEN,BOS,PHO,MEM,MIN,CHA,MIA,SG/SF,SG/SF,PG,PG,SG,SF,PF,C,6300,4300,7600,7500,3400,6600,4300,9000,262.37,388.5,61,Dec32016
Nicolas Batum,Evan Turner,Isaiah Thomas,Klay Thompson,Troy Daniels,Dario Saric,Hassan Whiteside,Karl-Anthony Towns,CHA,POR,BOS,GS,MEM,PHI,MIA,MIN,SG/SF,SG/SF,PG,SG,SG,SF/PF,C,C,6300,4300,7600,6400,3400,4000,9000,8900,260.32,388.5,62,Dec32016
Nicolas Batum,Will Barton,Isaiah Thomas,Eric Bledsoe,Lou Williams,Wesley Matthews,Frank Kaminsky,Hassan Whiteside,CHA,DEN,BOS,PHO,LAL,DAL,CHA,MIA,SG/SF,SG/SF,PG,PG,SG,SG,PF,C,6300,4300,7600,7500,5700,5000,4300,9000,261.37,388.5,63,Dec32016
Will Barton,Isaiah Thomas,Klay Thompson,Eric Bledsoe,Lou Williams,Troy Daniels,Frank Kaminsky,Hassan Whiteside,DEN,BOS,GS,PHO,LAL,MEM,CHA,MIA,SG/SF,PG,SG,PG,SG,SG,PF,C,4300,7600,6400,7500,5700,3400,4300,9000,252.2,388.5,64,Dec32016
Nicolas Batum,Will Barton,Isaiah Thomas,Eric Bledsoe,Troy Daniels,Dario Saric,Hassan Whiteside,Marc Gasol,CHA,DEN,BOS,PHO,MEM,PHI,MIA,MEM,SG/SF,SG/SF,PG,PG,SG,SF/PF,C,C,6300,4300,7600,7500,3400,4000,9000,7100,259.65,388.25,65,Dec32016
Nicolas Batum,Bojan Bogdanovic,Eric Bledsoe,Lou Williams,Troy Daniels,Frank Kaminsky,Hassan Whiteside,Karl-Anthony Towns,CHA,BKN,PHO,LAL,MEM,CHA,MIA,MIN,SG/SF,SG/SF,PG,SG,SG,PF,C,C,6300,4200,7500,5700,3400,4300,9000,8900,257.09,388.25,66,Dec32016
Nicolas Batum,Will Barton,Isaiah Thomas,Lou Williams,Troy Daniels,Goran Dragic,Frank Kaminsky,Hassan Whiteside,CHA,DEN,BOS,LAL,MEM,MIA,CHA,MIA,SG/SF,SG/SF,PG,SG,SG,PG,PF,C,6300,4300,7600,5700,3400,6900,4300,9000,250.47,388.25,67,Dec32016
Nicolas Batum,Will Barton,Isaiah Thomas,Klay Thompson,Lou Williams,Troy Daniels,Goran Dragic,Hassan Whiteside,CHA,DEN,BOS,GS,LAL,MEM,MIA,MIA,SG/SF,SG/SF,PG,SG,SG,SG,PG,C,6300,4300,7600,6400,5700,3400,6900,9000,262.31,388.25,68,Dec32016
Nicolas Batum,Draymond Green,Isaiah Thomas,Lou Williams,Troy Daniels,JaMychal Green,Frank Kaminsky,Hassan Whiteside,CHA,GS,BOS,LAL,MEM,MEM,CHA,MIA,SG/SF,PF/C,PG,SG,SG,PF,PF,C,6300,8200,7600,5700,3400,5100,4300,9000,255.65,388.25,69,Dec32016
Nicolas Batum,Will Barton,Isaiah Thomas,Lou Williams,Troy Daniels,Frank Kaminsky,Dario Saric,Hassan Whiteside,CHA,DEN,BOS,LAL,MEM,CHA,PHI,MIA,SG/SF,SG/SF,PG,SG,SG,PF,SF/PF,C,6300,4300,7600,5700,3400,4300,4000,9000,226.77,388.0,70,Dec32016
Nicolas Batum,Will Barton,Evan Turner,Isaiah Thomas,Lou Williams,Troy Daniels,Hassan Whiteside,Karl-Anthony Towns,CHA,DEN,POR,BOS,LAL,MEM,MIA,MIN,SG/SF,SG/SF,SG/SF,PG,SG,SG,C,C,6300,4300,4300,7600,5700,3400,9000,8900,264.23,388.0,71,Dec32016
Will Barton,Isaiah Thomas,Lou Williams,Troy Daniels,Andrew Wiggins,Frank Kaminsky,Hassan Whiteside,Karl-Anthony Towns,DEN,BOS,LAL,MEM,MIN,CHA,MIA,MIN,SG/SF,PG,SG,SG,SF,PF,C,C,4300,7600,5700,3400,6600,4300,9000,8900,260.67,388.0,72,Dec32016
Nicolas Batum,Bojan Bogdanovic,Isaiah Thomas,Lou Williams,Frank Kaminsky,Dario Saric,Hassan Whiteside,Karl-Anthony Towns,CHA,BKN,BOS,LAL,CHA,PHI,MIA,MIN,SG/SF,SG/SF,PG,SG,PF,SF/PF,C,C,6300,4200,7600,5700,4300,4000,9000,8900,250.34,388.0,73,Dec32016
Nicolas Batum,Will Barton,Isaiah Thomas,Klay Thompson,Lou Williams,Troy Daniels,Dario Saric,Hassan Whiteside,CHA,DEN,BOS,GS,LAL,MEM,PHI,MIA,SG/SF,SG/SF,PG,SG,SG,SG,SF/PF,C,6300,4300,7600,6400,5700,3400,4000,9000,238.61,388.0,74,Dec32016
Will Barton,Isaiah Thomas,Lou Williams,Troy Daniels,JaMychal Green,Frank Kaminsky,Hassan Whiteside,Karl-Anthony Towns,DEN,BOS,LAL,MEM,MEM,CHA,MIA,MIN,SG/SF,PG,SG,SG,PF,PF,C,C,4300,7600,5700,3400,5100,4300,9000,8900,250.25,388.0,75,Dec32016
Nicolas Batum,Evan Turner,Isaiah Thomas,Eric Bledsoe,Lou Williams,Frank Kaminsky,Dario Saric,Hassan Whiteside,CHA,POR,BOS,PHO,LAL,CHA,PHI,MIA,SG/SF,SG/SF,PG,PG,SG,PF,SF/PF,C,6300,4300,7600,7500,5700,4300,4000,9000,253.31,388.0,76,Dec32016
Nicolas Batum,Will Barton,Eric Bledsoe,Lou Williams,Troy Daniels,Sergio Rodriguez,Hassan Whiteside,Karl-Anthony Towns,CHA,DEN,PHO,LAL,MEM,PHI,MIA,MIN,SG/SF,SG/SF,PG,SG,SG,PG,C,C,6300,4300,7500,5700,3400,4900,9000,8900,264.91,388.0,77,Dec32016
Will Barton,Klay Thompson,Eric Bledsoe,Lou Williams,Troy Daniels,Frank Kaminsky,Hassan Whiteside,Karl-Anthony Towns,DEN,GS,PHO,LAL,MEM,CHA,MIA,MIN,SG/SF,SG,PG,SG,SG,PF,C,C,4300,6400,7500,5700,3400,4300,9000,8900,259.67,387.75,78,Dec32016
Giannis Antetokounmpo,Nicolas Batum,Will Barton,Klay Thompson,Lou Williams,Troy Daniels,Frank Kaminsky,Hassan Whiteside,MIL,CHA,DEN,GS,LAL,MEM,CHA,MIA,PG,SG/SF,SG/SF,SG,SG,SG,PF,C,10400,6300,4300,6400,5700,3400,4300,9000,263.26,387.75,79,Dec32016
Nicolas Batum,Will Barton,Isaiah Thomas,Eric Bledsoe,Troy Daniels,Goran Dragic,Dario Saric,Hassan Whiteside,CHA,DEN,BOS,PHO,MEM,MIA,PHI,MIA,SG/SF,SG/SF,PG,PG,SG,PG,SF/PF,C,6300,4300,7600,7500,3400,6900,4000,9000,258.58,387.75,80,Dec32016
Jimmy Butler,Nicolas Batum,Will Barton,Isaiah Thomas,Lou Williams,Troy Daniels,JaMychal Green,Hassan Whiteside,CHI,CHA,DEN,BOS,LAL,MEM,MEM,MIA,SG/SF,SG/SF,SG/SF,PG,SG,SG,PF,C,8400,6300,4300,7600,5700,3400,5100,9000,265.99,387.75,81,Dec32016
Nicolas Batum,Evan Turner,Isaiah Thomas,Klay Thompson,Eric Bledsoe,Troy Daniels,Frank Kaminsky,Hassan Whiteside,CHA,POR,BOS,GS,PHO,MEM,CHA,MIA,SG/SF,SG/SF,PG,SG,PG,SG,PF,C,6300,4300,7600,6400,7500,3400,4300,9000,261.61,387.75,82,Dec32016
Nicolas Batum,Will Barton,Isaiah Thomas,Eric Bledsoe,Lou Williams,Troy Daniels,Wilson Chandler,Hassan Whiteside,CHA,DEN,BOS,PHO,LAL,MEM,DEN,MIA,SG/SF,SG/SF,PG,PG,SG,SG,SF,C,6300,4300,7600,7500,5700,3400,6100,9000,266.61,387.75,83,Dec32016
Will Barton,Isaiah Thomas,Eric Bledsoe,Troy Daniels,Frank Kaminsky,Ricky Rubio,Hassan Whiteside,Karl-Anthony Towns,DEN,BOS,PHO,MEM,CHA,MIN,MIA,MIN,SG/SF,PG,PG,SG,PF,PG,C,C,4300,7600,7500,3400,4300,4800,9000,8900,258.83,387.75,84,Dec32016
Nicolas Batum,Will Barton,Eric Bledsoe,Troy Daniels,JaMychal Green,Frank Kaminsky,Hassan Whiteside,Karl-Anthony Towns,CHA,DEN,PHO,MEM,MEM,CHA,MIA,MIN,SG/SF,SG/SF,PG,SG,PF,PF,C,C,6300,4300,7500,3400,5100,4300,9000,8900,259.42,387.75,85,Dec32016
Nicolas Batum,Will Barton,Isaiah Thomas,Avery Bradley,Eric Bledsoe,Lou Williams,Troy Daniels,Hassan Whiteside,CHA,DEN,BOS,BOS,PHO,LAL,MEM,MIA,SG/SF,SG/SF,PG,SG,PG,SG,SG,C,6300,4300,7600,6200,7500,5700,3400,9000,265.1,387.75,86,Dec32016
Jimmy Butler,Nicolas Batum,Will Barton,Eric Bledsoe,Lou Williams,Troy Daniels,Frank Kaminsky,Hassan Whiteside,CHI,CHA,DEN,PHO,LAL,MEM,CHA,MIA,SG/SF,SG/SF,SG/SF,PG,SG,SG,PF,C,8400,6300,4300,7500,5700,3400,4300,9000,263.57,387.5,87,Dec32016
Will Barton,Isaiah Thomas,Eric Bledsoe,Troy Daniels,JaMychal Green,Dario Saric,Hassan Whiteside,Karl-Anthony Towns,DEN,BOS,PHO,MEM,MEM,PHI,MIA,MIN,SG/SF,PG,PG,SG,PF,SF/PF,C,C,4300,7600,7500,3400,5100,4000,9000,8900,258.36,387.5,88,Dec32016
Giannis Antetokounmpo,Will Barton,Isaiah Thomas,Lou Williams,Troy Daniels,Frank Kaminsky,Dario Saric,Hassan Whiteside,MIL,DEN,BOS,LAL,MEM,CHA,PHI,MIA,PG,SG/SF,PG,SG,SG,PF,SF/PF,C,10400,4300,7600,5700,3400,4300,4000,9000,250.36,387.5,89,Dec32016
Nicolas Batum,Will Barton,Lou Williams,Troy Daniels,Goran Dragic,Frank Kaminsky,Hassan Whiteside,Karl-Anthony Towns,CHA,DEN,LAL,MEM,MIA,CHA,MIA,MIN,SG/SF,SG/SF,SG,SG,PG,PF,C,C,6300,4300,5700,3400,6900,4300,9000,8900,257.94,387.5,90,Dec32016
Nicolas Batum,Will Barton,Kyle Lowry,Isaiah Thomas,Lou Williams,Troy Daniels,Frank Kaminsky,Hassan Whiteside,CHA,DEN,TOR,BOS,LAL,MEM,CHA,MIA,SG/SF,SG/SF,PG,PG,SG,SG,PF,C,6300,4300,7800,7600,5700,3400,4300,9000,255.91,387.5,91,Dec32016
Nicolas Batum,Will Barton,Isaiah Thomas,Troy Daniels,Frank Kaminsky,Sergio Rodriguez,Hassan Whiteside,Karl-Anthony Towns,CHA,DEN,BOS,MEM,CHA,PHI,MIA,MIN,SG/SF,SG/SF,PG,SG,PF,PG,C,C,6300,4300,7600,3400,4300,4900,9000,8900,254.62,387.5,92,Dec32016
Will Barton,Isaiah Thomas,Eric Bledsoe,Wesley Matthews,Troy Daniels,Frank Kaminsky,Hassan Whiteside,Karl-Anthony Towns,DEN,BOS,PHO,DAL,MEM,CHA,MIA,MIN,SG/SF,PG,PG,SG,SG,PF,C,C,4300,7600,7500,5000,3400,4300,9000,8900,264.24,387.25,93,Dec32016
Nicolas Batum,Will Barton,Isaiah Thomas,Troy Daniels,Ricky Rubio,Dario Saric,Hassan Whiteside,Karl-Anthony Towns,CHA,DEN,BOS,MEM,MIN,PHI,MIA,MIN,SG/SF,SG/SF,PG,SG,PG,SF/PF,C,C,6300,4300,7600,3400,4800,4000,9000,8900,245.24,387.25,94,Dec32016
Nicolas Batum,Evan Turner,Isaiah Thomas,Troy Daniels,JaMychal Green,Frank Kaminsky,Hassan Whiteside,Karl-Anthony Towns,CHA,POR,BOS,MEM,MEM,CHA,MIA,MIN,SG/SF,SG/SF,PG,SG,PF,PF,C,C,6300,4300,7600,3400,5100,4300,9000,8900,259.66,387.25,95,Dec32016
Evan Turner,Isaiah Thomas,Klay Thompson,Lou Williams,Troy Daniels,Frank Kaminsky,Hassan Whiteside,Karl-Anthony Towns,POR,BOS,GS,LAL,MEM,CHA,MIA,MIN,SG/SF,PG,SG,SG,SG,PF,C,C,4300,7600,6400,5700,3400,4300,9000,8900,259.91,387.25,96,Dec32016
Nicolas Batum,Will Barton,Isaiah Thomas,Eric Bledsoe,Lou Williams,Troy Daniels,Dario Saric,Karl-Anthony Towns,CHA,DEN,BOS,PHO,LAL,MEM,PHI,MIN,SG/SF,SG/SF,PG,PG,SG,SG,SF/PF,C,6300,4300,7600,7500,5700,3400,4000,8900,245.99,387.25,97,Dec32016
Nicolas Batum,Will Barton,Klay Thompson,Lou Williams,Troy Daniels,Dario Saric,Hassan Whiteside,Karl-Anthony Towns,CHA,DEN,GS,LAL,MEM,PHI,MIA,MIN,SG/SF,SG/SF,SG,SG,SG,SF/PF,C,C,6300,4300,6400,5700,3400,4000,9000,8900,246.08,387.25,98,Dec32016
Nicolas Batum,Evan Turner,Eric Bledsoe,Lou Williams,Frank Kaminsky,Dario Saric,Hassan Whiteside,Karl-Anthony Towns,CHA,POR,PHO,LAL,CHA,PHI,MIA,MIN,SG/SF,SG/SF,PG,SG,PF,SF/PF,C,C,6300,4300,7500,5700,4300,4000,9000,8900,260.78,387.25,99,Dec32016
Jimmy Butler,Nicolas Batum,Will Barton,Isaiah Thomas,Lou Williams,Frank Kaminsky,Dario Saric,Hassan Whiteside,CHI,CHA,DEN,BOS,LAL,CHA,PHI,MIA,SG/SF,SG/SF,SG/SF,PG,SG,PF,SF/PF,C,8400,6300,4300,7600,5700,4300,4000,9000,256.82,387.25,100,Dec32016
