Player1,Player2,Player3,Player4,Player5,Player6,Player7,Player8,Team1,Team2,Team3,Team4,Team5,Team6,Team7,Team8,Pos1,Pos2,Pos3,Pos4,Pos5,Pos6,Pos7,Pos8,Salary1,Salary2,Salary3,Salary4,Salary5,Salary6,Salary7,Salary8,Projected Value,Actual Scored,Iteration,date
Russell Westbrook,Jamal Murray,Kristaps Porzingis,Wilson Chandler,Rajon Rondo,Robin Lopez,Jusuf Nurkic,Tim Frazier,OKC,DEN,NY,DEN,CHI,CHI,DEN,NO,PG,PG,PF,SF,PG,C,C,PG,12500,3500,7500,5700,5600,5300,4600,5100,271.18,364.5,1,Nov222016
Russell Westbrook,Jamal Murray,Kristaps Porzingis,Wilson Chandler,Rajon Rondo,Steven Adams,Jusuf Nurkic,Tim Frazier,OKC,DEN,NY,DEN,CHI,OKC,DEN,NO,PG,PG,PF,SF,PG,C,C,PG,12500,3500,7500,5700,5600,5200,4600,5100,273.07,361.0,2,Nov222016
Russell Westbrook,Jamal Murray,Jose Calderon,Jimmy Butler,Kristaps Porzingis,Wilson Chandler,Tim Frazier,Ed Davis,OKC,DEN,LAL,CHI,NY,DEN,NO,POR,PG,PG,PG,SG/SF,PF,SF,PG,C,12500,3500,3000,9200,7500,5700,5100,3200,260.12,360.75,3,Nov222016
Russell Westbrook,Jose Calderon,Kristaps Porzingis,Wilson Chandler,Rajon Rondo,Robin Lopez,Jusuf Nurkic,Tim Frazier,OKC,LAL,NY,DEN,CHI,CHI,DEN,NO,PG,PG,PF,SF,PG,C,C,PG,12500,3000,7500,5700,5600,5300,4600,5100,272.39,359.0,4,Nov222016
Russell Westbrook,Jose Calderon,Jimmy Butler,Kristaps Porzingis,Maurice Harkless,Jusuf Nurkic,Tim Frazier,Ed Davis,OKC,LAL,CHI,NY,POR,DEN,NO,POR,PG,PG,SG/SF,PF,SF,C,PG,C,12500,3000,9200,7500,4900,4600,5100,3200,264.8,359.0,5,Nov222016
Russell Westbrook,Jamal Murray,Taj Gibson,Kristaps Porzingis,Wilson Chandler,Rajon Rondo,Jusuf Nurkic,Tim Frazier,OKC,DEN,CHI,NY,DEN,CHI,DEN,NO,PG,PG,PF/C,PF,SF,PG,C,PG,12500,3500,5400,7500,5700,5600,4600,5100,272.52,359.0,6,Nov222016
Russell Westbrook,Jamal Murray,Jimmy Butler,Justin Holiday,Rajon Rondo,Robin Lopez,Jusuf Nurkic,Tim Frazier,OKC,DEN,CHI,NY,CHI,CHI,DEN,NO,PG,PG,SG/SF,SG/SF,PG,C,C,PG,12500,3500,9200,3200,5600,5300,4600,5100,264.22,358.75,7,Nov222016
Russell Westbrook,Jamal Murray,Kristaps Porzingis,Wilson Chandler,Rajon Rondo,Jusuf Nurkic,Tim Frazier,Ed Davis,OKC,DEN,NY,DEN,CHI,DEN,NO,POR,PG,PG,PF,SF,PG,C,PG,C,12500,3500,7500,5700,5600,4600,5100,3200,259.32,358.5,8,Nov222016
Russell Westbrook,Kristaps Porzingis,Derrick Rose,Wilson Chandler,Rajon Rondo,Jusuf Nurkic,Tim Frazier,Ed Davis,OKC,NY,NY,DEN,CHI,DEN,NO,POR,PG,PF,PG,SF,PG,C,PG,C,12500,7500,5800,5700,5600,4600,5100,3200,271.17,358.5,9,Nov222016
Russell Westbrook,Kristaps Porzingis,Wilson Chandler,Rajon Rondo,Jusuf Nurkic,Tim Frazier,Ed Davis,Jordan Clarkson,OKC,NY,DEN,CHI,DEN,NO,POR,LAL,PG,PF,SF,PG,C,PG,C,PG/SG,12500,7500,5700,5600,4600,5100,3200,5000,267.74,357.75,10,Nov222016
Russell Westbrook,Jamal Murray,Joffrey Lauvergne,Jimmy Butler,Kristaps Porzingis,Wilson Chandler,Tim Frazier,Ed Davis,OKC,DEN,OKC,CHI,NY,DEN,NO,POR,PG,PG,PF/C,SG/SF,PF,SF,PG,C,12500,3500,3000,9200,7500,5700,5100,3200,256.27,357.5,11,Nov222016
Russell Westbrook,Jamal Murray,Kristaps Porzingis,Derrick Rose,Wilson Chandler,Robin Lopez,Jusuf Nurkic,Tim Frazier,OKC,DEN,NY,NY,DEN,CHI,DEN,NO,PG,PG,PF,PG,SF,C,C,PG,12500,3500,7500,5800,5700,5300,4600,5100,263.37,357.25,12,Nov222016
Russell Westbrook,Jamal Murray,Jimmy Butler,Justin Holiday,Wilson Chandler,Rajon Rondo,Jusuf Nurkic,Tim Frazier,OKC,DEN,CHI,NY,DEN,CHI,DEN,NO,PG,PG,SG/SF,SG/SF,SF,PG,C,PG,12500,3500,9200,3200,5700,5600,4600,5100,264.12,357.0,13,Nov222016
Russell Westbrook,Jamal Murray,Jimmy Butler,Justin Holiday,Kristaps Porzingis,Rajon Rondo,Tim Frazier,Ed Davis,OKC,DEN,CHI,NY,NY,CHI,NO,POR,PG,PG,SG/SF,SG/SF,PF,PG,PG,C,12500,3500,9200,3200,7500,5600,5100,3200,265.97,357.0,14,Nov222016
Russell Westbrook,Jamal Murray,Jimmy Butler,Kristaps Porzingis,Wilson Chandler,Tim Frazier,Timofey Mozgov,Ed Davis,OKC,DEN,CHI,NY,DEN,NO,LAL,POR,PG,PG,SG/SF,PF,SF,PG,C,C,12500,3500,9200,7500,5700,5100,3300,3200,259.55,357.0,15,Nov222016
Russell Westbrook,Jamal Murray,Kristaps Porzingis,Terrence Jones,Wilson Chandler,Rajon Rondo,Jusuf Nurkic,Tim Frazier,OKC,DEN,NY,NO,DEN,CHI,DEN,NO,PG,PG,PF,PF,SF,PG,C,PG,12500,3500,7500,5400,5700,5600,4600,5100,267.73,357.0,16,Nov222016
Russell Westbrook,Jamal Murray,Kristaps Porzingis,Maurice Harkless,Rajon Rondo,Robin Lopez,Jusuf Nurkic,Tim Frazier,OKC,DEN,NY,POR,CHI,CHI,DEN,NO,PG,PG,PF,SF,PG,C,C,PG,12500,3500,7500,4900,5600,5300,4600,5100,267.48,356.75,17,Nov222016
Russell Westbrook,Jamal Murray,Jimmy Butler,Evan Turner,Rajon Rondo,Robin Lopez,Jusuf Nurkic,Tim Frazier,OKC,DEN,CHI,POR,CHI,CHI,DEN,NO,PG,PG,SG/SF,SG/SF,PG,C,C,PG,12500,3500,9200,4100,5600,5300,4600,5100,269.16,356.75,18,Nov222016
Russell Westbrook,Jamal Murray,Kristaps Porzingis,Wilson Chandler,Robin Lopez,Jusuf Nurkic,Tim Frazier,Jordan Clarkson,OKC,DEN,NY,DEN,CHI,DEN,NO,LAL,PG,PG,PF,SF,C,C,PG,PG/SG,12500,3500,7500,5700,5300,4600,5100,5000,259.94,356.5,19,Nov222016
Russell Westbrook,Jamal Murray,Jose Calderon,Jimmy Butler,Kristaps Porzingis,Wilson Chandler,Tim Frazier,Timofey Mozgov,OKC,DEN,LAL,CHI,NY,DEN,NO,LAL,PG,PG,PG,SG/SF,PF,SF,PG,C,12500,3500,3000,9200,7500,5700,5100,3300,260.49,356.0,20,Nov222016
Russell Westbrook,Jamal Murray,Jimmy Butler,Justin Holiday,Kristaps Porzingis,Jusuf Nurkic,Tim Frazier,Ed Davis,OKC,DEN,CHI,NY,NY,DEN,NO,POR,PG,PG,SG/SF,SG/SF,PF,C,PG,C,12500,3500,9200,3200,7500,4600,5100,3200,254.69,355.75,21,Nov222016
Russell Westbrook,Joffrey Lauvergne,Jimmy Butler,Kristaps Porzingis,Maurice Harkless,Jusuf Nurkic,Tim Frazier,Ed Davis,OKC,OKC,CHI,NY,POR,DEN,NO,POR,PG,PF/C,SG/SF,PF,SF,C,PG,C,12500,3000,9200,7500,4900,4600,5100,3200,260.95,355.75,22,Nov222016
Russell Westbrook,Joffrey Lauvergne,Kristaps Porzingis,Wilson Chandler,Rajon Rondo,Robin Lopez,Jusuf Nurkic,Tim Frazier,OKC,OKC,NY,DEN,CHI,CHI,DEN,NO,PG,PF/C,PF,SF,PG,C,C,PG,12500,3000,7500,5700,5600,5300,4600,5100,268.54,355.75,23,Nov222016
Russell Westbrook,Jose Calderon,Kristaps Porzingis,Wilson Chandler,Rajon Rondo,Steven Adams,Jusuf Nurkic,Tim Frazier,OKC,LAL,NY,DEN,CHI,OKC,DEN,NO,PG,PG,PF,SF,PG,C,C,PG,12500,3000,7500,5700,5600,5200,4600,5100,274.28,355.5,24,Nov222016
Russell Westbrook,Jamal Murray,Jimmy Butler,Kristaps Porzingis,Rajon Rondo,Mindaugas Kuzminskas,Tim Frazier,Ed Davis,OKC,DEN,CHI,NY,CHI,NY,NO,POR,PG,PG,SG/SF,PF,PG,SF,PG,C,12500,3500,9200,7500,5600,3000,5100,3200,255.99,355.5,25,Nov222016
Russell Westbrook,Jamal Murray,Jimmy Butler,Kristaps Porzingis,Brandon Ingram,Rajon Rondo,Tim Frazier,Ed Davis,OKC,DEN,CHI,NY,LAL,CHI,NO,POR,PG,PG,SG/SF,PF,SF,PG,PG,C,12500,3500,9200,7500,3400,5600,5100,3200,266.07,355.25,26,Nov222016
Russell Westbrook,Jamal Murray,Jimmy Butler,Justin Holiday,Rajon Rondo,Steven Adams,Jusuf Nurkic,Tim Frazier,OKC,DEN,CHI,NY,CHI,OKC,DEN,NO,PG,PG,SG/SF,SG/SF,PG,C,C,PG,12500,3500,9200,3200,5600,5200,4600,5100,266.11,355.25,27,Nov222016
Russell Westbrook,Jamal Murray,Jimmy Butler,Andre Roberson,Kristaps Porzingis,Jusuf Nurkic,Tim Frazier,Ed Davis,OKC,DEN,CHI,OKC,NY,DEN,NO,POR,PG,PG,SG/SF,SG/SF,PF,C,PG,C,12500,3500,9200,4300,7500,4600,5100,3200,259.88,355.25,28,Nov222016
Russell Westbrook,Jamal Murray,Kristaps Porzingis,Wilson Chandler,Maurice Harkless,Rajon Rondo,Jusuf Nurkic,Tim Frazier,OKC,DEN,NY,DEN,POR,CHI,DEN,NO,PG,PG,PF,SF,SF,PG,C,PG,12500,3500,7500,5700,4900,5600,4600,5100,267.38,355.0,29,Nov222016
Russell Westbrook,Jamal Murray,Jose Calderon,Jimmy Butler,Justin Holiday,Kristaps Porzingis,Jusuf Nurkic,Tim Frazier,OKC,DEN,LAL,CHI,NY,NY,DEN,NO,PG,PG,PG,SG/SF,SG/SF,PF,C,PG,12500,3500,3000,9200,3200,7500,4600,5100,255.63,354.75,30,Nov222016
Russell Westbrook,Jose Calderon,Joffrey Lauvergne,Jimmy Butler,Kristaps Porzingis,Maurice Harkless,Jusuf Nurkic,Tim Frazier,OKC,LAL,OKC,CHI,NY,POR,DEN,NO,PG,PG,PF/C,SG/SF,PF,SF,C,PG,12500,3000,3000,9200,7500,4900,4600,5100,261.89,354.75,31,Nov222016
Russell Westbrook,Jamal Murray,Jimmy Butler,Andre Roberson,Rajon Rondo,Steven Adams,Jusuf Nurkic,Tim Frazier,OKC,DEN,CHI,OKC,CHI,OKC,DEN,NO,PG,PG,SG/SF,SG/SF,PG,C,C,PG,12500,3500,9200,4300,5600,5200,4600,5100,271.3,354.75,32,Nov222016
Russell Westbrook,Taj Gibson,Kristaps Porzingis,Wilson Chandler,Rajon Rondo,Jusuf Nurkic,Tim Frazier,Ed Davis,OKC,CHI,NY,DEN,CHI,DEN,NO,POR,PG,PF/C,PF,SF,PG,C,PG,C,12500,5400,7500,5700,5600,4600,5100,3200,272.79,354.5,33,Nov222016
Russell Westbrook,Jamal Murray,Joffrey Lauvergne,Kristaps Porzingis,Wilson Chandler,Rajon Rondo,Jusuf Nurkic,Tim Frazier,OKC,DEN,OKC,NY,DEN,CHI,DEN,NO,PG,PG,PF/C,PF,SF,PG,C,PG,12500,3500,3000,7500,5700,5600,4600,5100,256.41,354.25,34,Nov222016
Russell Westbrook,Joffrey Lauvergne,Kristaps Porzingis,Derrick Rose,Wilson Chandler,Rajon Rondo,Jusuf Nurkic,Tim Frazier,OKC,OKC,NY,NY,DEN,CHI,DEN,NO,PG,PF/C,PF,PG,SF,PG,C,PG,12500,3000,7500,5800,5700,5600,4600,5100,268.26,354.25,35,Nov222016
Russell Westbrook,Jamal Murray,Jimmy Butler,Kristaps Porzingis,Mindaugas Kuzminskas,Jusuf Nurkic,Tim Frazier,Ed Davis,OKC,DEN,CHI,NY,NY,DEN,NO,POR,PG,PG,SG/SF,PF,SF,C,PG,C,12500,3500,9200,7500,3000,4600,5100,3200,244.71,354.25,36,Nov222016
Russell Westbrook,Jamal Murray,Jose Calderon,Jimmy Butler,Andre Roberson,Kristaps Porzingis,Jusuf Nurkic,Tim Frazier,OKC,DEN,LAL,CHI,OKC,NY,DEN,NO,PG,PG,PG,SG/SF,SG/SF,PF,C,PG,12500,3500,3000,9200,4300,7500,4600,5100,260.82,354.25,37,Nov222016
Russell Westbrook,Jamal Murray,Kristaps Porzingis,Wilson Chandler,Rajon Rondo,Robin Lopez,Tim Frazier,Ed Davis,OKC,DEN,NY,DEN,CHI,CHI,NO,POR,PG,PG,PF,SF,PG,C,PG,C,12500,3500,7500,5700,5600,5300,5100,3200,263.07,354.0,38,Nov222016
Russell Westbrook,Jamal Murray,Jimmy Butler,Kristaps Porzingis,Solomon Hill,Rajon Rondo,Tim Frazier,Ed Davis,OKC,DEN,CHI,NY,NO,CHI,NO,POR,PG,PG,SG/SF,PF,SF,PG,PG,C,12500,3500,9200,7500,3400,5600,5100,3200,262.9,354.0,39,Nov222016
Russell Westbrook,Jamal Murray,Jimmy Butler,Kristaps Porzingis,Brandon Ingram,Jusuf Nurkic,Tim Frazier,Ed Davis,OKC,DEN,CHI,NY,LAL,DEN,NO,POR,PG,PG,SG/SF,PF,SF,C,PG,C,12500,3500,9200,7500,3400,4600,5100,3200,254.79,354.0,40,Nov222016
Russell Westbrook,Jamal Murray,Kristaps Porzingis,Wilson Chandler,Rajon Rondo,Jusuf Nurkic,Tim Frazier,Timofey Mozgov,OKC,DEN,NY,DEN,CHI,DEN,NO,LAL,PG,PG,PF,SF,PG,C,PG,C,12500,3500,7500,5700,5600,4600,5100,3300,259.69,353.75,41,Nov222016
Russell Westbrook,Jamal Murray,Kristaps Porzingis,Derrick Rose,Wilson Chandler,Steven Adams,Jusuf Nurkic,Tim Frazier,OKC,DEN,NY,NY,DEN,OKC,DEN,NO,PG,PG,PF,PG,SF,C,C,PG,12500,3500,7500,5800,5700,5200,4600,5100,265.26,353.75,42,Nov222016
Russell Westbrook,Jamal Murray,Jimmy Butler,Evan Turner,Kristaps Porzingis,Jusuf Nurkic,Tim Frazier,Ed Davis,OKC,DEN,CHI,POR,NY,DEN,NO,POR,PG,PG,SG/SF,SG/SF,PF,C,PG,C,12500,3500,9200,4100,7500,4600,5100,3200,259.63,353.75,43,Nov222016
Russell Westbrook,Joffrey Lauvergne,Kristaps Porzingis,Wilson Chandler,Rajon Rondo,Jusuf Nurkic,Tim Frazier,Jordan Clarkson,OKC,OKC,NY,DEN,CHI,DEN,NO,LAL,PG,PF/C,PF,SF,PG,C,PG,PG/SG,12500,3000,7500,5700,5600,4600,5100,5000,264.83,353.5,44,Nov222016
Russell Westbrook,Jose Calderon,Taj Gibson,Kristaps Porzingis,Wilson Chandler,Rajon Rondo,Jusuf Nurkic,Tim Frazier,OKC,LAL,CHI,NY,DEN,CHI,DEN,NO,PG,PG,PF/C,PF,SF,PG,C,PG,12500,3000,5400,7500,5700,5600,4600,5100,273.73,353.5,45,Nov222016
Russell Westbrook,Jamal Murray,Nikola Jokic,Kristaps Porzingis,Wilson Chandler,Rajon Rondo,Jusuf Nurkic,Tim Frazier,OKC,DEN,DEN,NY,DEN,CHI,DEN,NO,PG,PG,PF/C,PF,SF,PG,C,PG,12500,3500,4500,7500,5700,5600,4600,5100,265.12,353.5,46,Nov222016
Russell Westbrook,Jamal Murray,Jose Calderon,Jimmy Butler,Kristaps Porzingis,Mindaugas Kuzminskas,Jusuf Nurkic,Tim Frazier,OKC,DEN,LAL,CHI,NY,NY,DEN,NO,PG,PG,PG,SG/SF,PF,SF,C,PG,12500,3500,3000,9200,7500,3000,4600,5100,245.65,353.25,47,Nov222016
Russell Westbrook,Kristaps Porzingis,Wilson Chandler,Rajon Rondo,Robin Lopez,Tim Frazier,Ed Davis,Jordan Clarkson,OKC,NY,DEN,CHI,CHI,NO,POR,LAL,PG,PF,SF,PG,C,PG,C,PG/SG,12500,7500,5700,5600,5300,5100,3200,5000,271.49,353.25,48,Nov222016
Russell Westbrook,Jose Calderon,Jimmy Butler,Justin Holiday,Rajon Rondo,Robin Lopez,Jusuf Nurkic,Tim Frazier,OKC,LAL,CHI,NY,CHI,CHI,DEN,NO,PG,PG,SG/SF,SG/SF,PG,C,C,PG,12500,3000,9200,3200,5600,5300,4600,5100,265.43,353.25,49,Nov222016
Russell Westbrook,Jamal Murray,Jimmy Butler,Evan Turner,Rajon Rondo,Steven Adams,Jusuf Nurkic,Tim Frazier,OKC,DEN,CHI,POR,CHI,OKC,DEN,NO,PG,PG,SG/SF,SG/SF,PG,C,C,PG,12500,3500,9200,4100,5600,5200,4600,5100,271.05,353.25,50,Nov222016
Russell Westbrook,Brandon Jennings,Kristaps Porzingis,Wilson Chandler,Rajon Rondo,Steven Adams,Jusuf Nurkic,Tim Frazier,OKC,NY,NY,DEN,CHI,OKC,DEN,NO,PG,PG,PF,SF,PG,C,C,PG,12500,3800,7500,5700,5600,5200,4600,5100,276.68,353.25,51,Nov222016
Russell Westbrook,Jamal Murray,Taj Gibson,Kristaps Porzingis,Wilson Chandler,Robin Lopez,Jusuf Nurkic,Tim Frazier,OKC,DEN,CHI,NY,DEN,CHI,DEN,NO,PG,PG,PF/C,PF,SF,C,C,PG,12500,3500,5400,7500,5700,5300,4600,5100,264.99,353.25,52,Nov222016
Russell Westbrook,Jamal Murray,Taj Gibson,Jimmy Butler,Justin Holiday,Rajon Rondo,Jusuf Nurkic,Tim Frazier,OKC,DEN,CHI,CHI,NY,CHI,DEN,NO,PG,PG,PF/C,SG/SF,SG/SF,PG,C,PG,12500,3500,5400,9200,3200,5600,4600,5100,265.56,353.25,53,Nov222016
Russell Westbrook,Jamal Murray,Kristaps Porzingis,Maurice Harkless,Rajon Rondo,Steven Adams,Jusuf Nurkic,Tim Frazier,OKC,DEN,NY,POR,CHI,OKC,DEN,NO,PG,PG,PF,SF,PG,C,C,PG,12500,3500,7500,4900,5600,5200,4600,5100,269.37,353.25,54,Nov222016
Russell Westbrook,Brandon Jennings,Jose Calderon,Jimmy Butler,Kristaps Porzingis,Wilson Chandler,Tim Frazier,Ed Davis,OKC,NY,LAL,CHI,NY,DEN,NO,POR,PG,PG,PG,SG/SF,PF,SF,PG,C,12500,3800,3000,9200,7500,5700,5100,3200,263.73,353.0,55,Nov222016
Russell Westbrook,Jamal Murray,Jose Calderon,Jimmy Butler,Kristaps Porzingis,Maurice Harkless,Tim Frazier,Ed Davis,OKC,DEN,LAL,CHI,NY,POR,NO,POR,PG,PG,PG,SG/SF,PF,SF,PG,C,12500,3500,3000,9200,7500,4900,5100,3200,256.42,353.0,56,Nov222016
Russell Westbrook,Jose Calderon,Kristaps Porzingis,Wilson Chandler,Rajon Rondo,Jusuf Nurkic,Tim Frazier,Ed Davis,OKC,LAL,NY,DEN,CHI,DEN,NO,POR,PG,PG,PF,SF,PG,C,PG,C,12500,3000,7500,5700,5600,4600,5100,3200,260.53,353.0,57,Nov222016
Russell Westbrook,Kristaps Porzingis,Wilson Chandler,Rajon Rondo,Jusuf Nurkic,Tim Frazier,Timofey Mozgov,Jordan Clarkson,OKC,NY,DEN,CHI,DEN,NO,LAL,LAL,PG,PF,SF,PG,C,PG,C,PG/SG,12500,7500,5700,5600,4600,5100,3300,5000,268.11,353.0,58,Nov222016
Russell Westbrook,Jamal Murray,Kristaps Porzingis,Wilson Chandler,Steven Adams,Jusuf Nurkic,Tim Frazier,Jordan Clarkson,OKC,DEN,NY,DEN,OKC,DEN,NO,LAL,PG,PG,PF,SF,C,C,PG,PG/SG,12500,3500,7500,5700,5200,4600,5100,5000,261.83,353.0,59,Nov222016
Russell Westbrook,Jamal Murray,Jose Calderon,Jimmy Butler,Kristaps Porzingis,Brandon Ingram,Jusuf Nurkic,Tim Frazier,OKC,DEN,LAL,CHI,NY,LAL,DEN,NO,PG,PG,PG,SG/SF,PF,SF,C,PG,12500,3500,3000,9200,7500,3400,4600,5100,255.73,353.0,60,Nov222016
Russell Westbrook,Jamal Murray,Jimmy Butler,Justin Holiday,Rajon Rondo,Jusuf Nurkic,Tim Frazier,Ed Davis,OKC,DEN,CHI,NY,CHI,DEN,NO,POR,PG,PG,SG/SF,SG/SF,PG,C,PG,C,12500,3500,9200,3200,5600,4600,5100,3200,252.36,352.75,61,Nov222016
Russell Westbrook,Jamal Murray,Jimmy Butler,Kristaps Porzingis,Solomon Hill,Jusuf Nurkic,Tim Frazier,Ed Davis,OKC,DEN,CHI,NY,NO,DEN,NO,POR,PG,PG,SG/SF,PF,SF,C,PG,C,12500,3500,9200,7500,3400,4600,5100,3200,251.62,352.75,62,Nov222016
Russell Westbrook,Jimmy Butler,Justin Holiday,Derrick Rose,Rajon Rondo,Jusuf Nurkic,Tim Frazier,Ed Davis,OKC,CHI,NY,NY,CHI,DEN,NO,POR,PG,SG/SF,SG/SF,PG,PG,C,PG,C,12500,9200,3200,5800,5600,4600,5100,3200,264.21,352.75,63,Nov222016
Russell Westbrook,Jamal Murray,Joffrey Lauvergne,Jimmy Butler,Kristaps Porzingis,Wilson Chandler,Tim Frazier,Timofey Mozgov,OKC,DEN,OKC,CHI,NY,DEN,NO,LAL,PG,PG,PF/C,SG/SF,PF,SF,PG,C,12500,3500,3000,9200,7500,5700,5100,3300,256.64,352.75,64,Nov222016
Russell Westbrook,Jamal Murray,Jose Calderon,Jimmy Butler,Evan Turner,Kristaps Porzingis,Jusuf Nurkic,Tim Frazier,OKC,DEN,LAL,CHI,POR,NY,DEN,NO,PG,PG,PG,SG/SF,SG/SF,PF,C,PG,12500,3500,3000,9200,4100,7500,4600,5100,260.57,352.75,65,Nov222016
Russell Westbrook,Jose Calderon,Jimmy Butler,Andre Roberson,Rajon Rondo,Robin Lopez,Jusuf Nurkic,Tim Frazier,OKC,LAL,CHI,OKC,CHI,CHI,DEN,NO,PG,PG,SG/SF,SG/SF,PG,C,C,PG,12500,3000,9200,4300,5600,5300,4600,5100,270.62,352.75,66,Nov222016
Russell Westbrook,Jimmy Butler,Justin Holiday,Wilson Chandler,Rajon Rondo,Jusuf Nurkic,Tim Frazier,Ed Davis,OKC,CHI,NY,DEN,CHI,DEN,NO,POR,PG,SG/SF,SG/SF,SF,PG,C,PG,C,12500,9200,3200,5700,5600,4600,5100,3200,264.39,352.5,67,Nov222016
Russell Westbrook,Kristaps Porzingis,Wilson Chandler,Dennis Schroder,Rajon Rondo,Jusuf Nurkic,Tim Frazier,Ed Davis,OKC,NY,DEN,ATL,CHI,DEN,NO,POR,PG,PF,SF,PG,PG,C,PG,C,12500,7500,5700,5600,5600,4600,5100,3200,272.76,352.5,68,Nov222016
Russell Westbrook,Brandon Jennings,Jamal Murray,Jimmy Butler,Justin Holiday,Kristaps Porzingis,Jusuf Nurkic,Tim Frazier,OKC,NY,DEN,CHI,NY,NY,DEN,NO,PG,PG,PG,SG/SF,SG/SF,PF,C,PG,12500,3800,3500,9200,3200,7500,4600,5100,258.03,352.5,69,Nov222016
Russell Westbrook,Jose Calderon,Jimmy Butler,Kristaps Porzingis,Mindaugas Kuzminskas,Jusuf Nurkic,Tim Frazier,Jordan Clarkson,OKC,LAL,CHI,NY,NY,DEN,NO,LAL,PG,PG,SG/SF,PF,SF,C,PG,PG/SG,12500,3000,9200,7500,3000,4600,5100,5000,254.07,352.5,70,Nov222016
Russell Westbrook,Jamal Murray,Kristaps Porzingis,Danilo Gallinari,Rajon Rondo,Robin Lopez,Jusuf Nurkic,Tim Frazier,OKC,DEN,NY,DEN,CHI,CHI,DEN,NO,PG,PG,PF,SF,PG,C,C,PG,12500,3500,7500,5900,5600,5300,4600,5100,274.16,352.5,71,Nov222016
Russell Westbrook,Kristaps Porzingis,Terrence Jones,Wilson Chandler,Rajon Rondo,Jusuf Nurkic,Tim Frazier,Ed Davis,OKC,NY,NO,DEN,CHI,DEN,NO,POR,PG,PF,PF,SF,PG,C,PG,C,12500,7500,5400,5700,5600,4600,5100,3200,268.0,352.5,72,Nov222016
Russell Westbrook,Jamal Murray,Jimmy Butler,Justin Holiday,Kristaps Porzingis,Rajon Rondo,Tim Frazier,Timofey Mozgov,OKC,DEN,CHI,NY,NY,CHI,NO,LAL,PG,PG,SG/SF,SG/SF,PF,PG,PG,C,12500,3500,9200,3200,7500,5600,5100,3300,266.34,352.25,73,Nov222016
Damian Lillard,Jimmy Butler,Kristaps Porzingis,Wilson Chandler,Rajon Rondo,Jusuf Nurkic,Tim Frazier,Ed Davis,POR,CHI,NY,DEN,CHI,DEN,NO,POR,PG,SG/SF,PF,SF,PG,C,PG,C,8900,9200,7500,5700,5600,4600,5100,3200,259.64,352.25,74,Nov222016
Russell Westbrook,Joffrey Lauvergne,Kristaps Porzingis,Wilson Chandler,Rajon Rondo,Steven Adams,Jusuf Nurkic,Tim Frazier,OKC,OKC,NY,DEN,CHI,OKC,DEN,NO,PG,PF/C,PF,SF,PG,C,C,PG,12500,3000,7500,5700,5600,5200,4600,5100,270.43,352.25,75,Nov222016
Russell Westbrook,Jamal Murray,Jimmy Butler,Andre Roberson,Rajon Rondo,Jusuf Nurkic,Tim Frazier,Ed Davis,OKC,DEN,CHI,OKC,CHI,DEN,NO,POR,PG,PG,SG/SF,SG/SF,PG,C,PG,C,12500,3500,9200,4300,5600,4600,5100,3200,257.55,352.25,76,Nov222016
Russell Westbrook,Jimmy Butler,Justin Holiday,Rajon Rondo,Jusuf Nurkic,Tim Frazier,Ed Davis,Jordan Clarkson,OKC,CHI,NY,CHI,DEN,NO,POR,LAL,PG,SG/SF,SG/SF,PG,C,PG,C,PG/SG,12500,9200,3200,5600,4600,5100,3200,5000,260.78,352.0,77,Nov222016
Russell Westbrook,Jose Calderon,Joffrey Lauvergne,Jimmy Butler,Kristaps Porzingis,Wilson Chandler,Tim Frazier,Ed Davis,OKC,LAL,OKC,CHI,NY,DEN,NO,POR,PG,PG,PF/C,SG/SF,PF,SF,PG,C,12500,3000,3000,9200,7500,5700,5100,3200,257.48,352.0,78,Nov222016
Russell Westbrook,Dwyane Wade,Joffrey Lauvergne,Kristaps Porzingis,Wilson Chandler,Rajon Rondo,Jusuf Nurkic,Tim Frazier,OKC,CHI,OKC,NY,DEN,CHI,DEN,NO,PG,SG,PF/C,PF,SF,PG,C,PG,12500,6000,3000,7500,5700,5600,4600,5100,276.21,352.0,79,Nov222016
Russell Westbrook,Kristaps Porzingis,Wilson Chandler,Rajon Rondo,Steven Adams,Jusuf Nurkic,Tim Frazier,Jameer Nelson,OKC,NY,DEN,CHI,OKC,DEN,NO,DEN,PG,PF,SF,PG,C,C,PG,PG/SG,12500,7500,5700,5600,5200,4600,5100,3800,268.62,352.0,80,Nov222016
Russell Westbrook,Jamal Murray,Jose Calderon,Jimmy Butler,Kristaps Porzingis,Solomon Hill,Jusuf Nurkic,Tim Frazier,OKC,DEN,LAL,CHI,NY,NO,DEN,NO,PG,PG,PG,SG/SF,PF,SF,C,PG,12500,3500,3000,9200,7500,3400,4600,5100,252.56,351.75,81,Nov222016
Russell Westbrook,Jamal Murray,Jose Calderon,Kristaps Porzingis,Wilson Chandler,Robin Lopez,Jusuf Nurkic,Tim Frazier,OKC,DEN,LAL,NY,DEN,CHI,DEN,NO,PG,PG,PG,PF,SF,C,C,PG,12500,3500,3000,7500,5700,5300,4600,5100,252.73,351.75,82,Nov222016
Russell Westbrook,Jose Calderon,Jimmy Butler,Kristaps Porzingis,Wilson Chandler,Tim Frazier,Ed Davis,Jameer Nelson,OKC,LAL,CHI,NY,DEN,NO,POR,DEN,PG,PG,SG/SF,PF,SF,PG,C,PG/SG,12500,3000,9200,7500,5700,5100,3200,3800,255.67,351.75,83,Nov222016
Russell Westbrook,Jose Calderon,Kristaps Porzingis,Derrick Rose,Wilson Chandler,Robin Lopez,Jusuf Nurkic,Tim Frazier,OKC,LAL,NY,NY,DEN,CHI,DEN,NO,PG,PG,PF,PG,SF,C,C,PG,12500,3000,7500,5800,5700,5300,4600,5100,264.58,351.75,84,Nov222016
Russell Westbrook,Dante Cunningham,Kristaps Porzingis,Wilson Chandler,Rajon Rondo,Robin Lopez,Jusuf Nurkic,Tim Frazier,OKC,NO,NY,DEN,CHI,CHI,DEN,NO,PG,SF/PF,PF,SF,PG,C,C,PG,12500,3400,7500,5700,5600,5300,4600,5100,270.81,351.75,85,Nov222016
Russell Westbrook,Jamal Murray,Joffrey Lauvergne,Jimmy Butler,Justin Holiday,Kristaps Porzingis,Jusuf Nurkic,Tim Frazier,OKC,DEN,OKC,CHI,NY,NY,DEN,NO,PG,PG,PF/C,SG/SF,SG/SF,PF,C,PG,12500,3500,3000,9200,3200,7500,4600,5100,251.78,351.5,86,Nov222016
Russell Westbrook,Jamal Murray,Jimmy Butler,Justin Holiday,Derrick Rose,Robin Lopez,Jusuf Nurkic,Tim Frazier,OKC,DEN,CHI,NY,NY,CHI,DEN,NO,PG,PG,SG/SF,SG/SF,PG,C,C,PG,12500,3500,9200,3200,5800,5300,4600,5100,256.41,351.5,87,Nov222016
Russell Westbrook,Jimmy Butler,Andre Roberson,Rajon Rondo,Jusuf Nurkic,Tim Frazier,Ed Davis,Jordan Clarkson,OKC,CHI,OKC,CHI,DEN,NO,POR,LAL,PG,SG/SF,SG/SF,PG,C,PG,C,PG/SG,12500,9200,4300,5600,4600,5100,3200,5000,265.97,351.5,88,Nov222016
Russell Westbrook,Jose Calderon,Jimmy Butler,Justin Holiday,Wilson Chandler,Rajon Rondo,Jusuf Nurkic,Tim Frazier,OKC,LAL,CHI,NY,DEN,CHI,DEN,NO,PG,PG,SG/SF,SG/SF,SF,PG,C,PG,12500,3000,9200,3200,5700,5600,4600,5100,265.33,351.5,89,Nov222016
Russell Westbrook,Jose Calderon,Jimmy Butler,Justin Holiday,Kristaps Porzingis,Rajon Rondo,Tim Frazier,Ed Davis,OKC,LAL,CHI,NY,NY,CHI,NO,POR,PG,PG,SG/SF,SG/SF,PF,PG,PG,C,12500,3000,9200,3200,7500,5600,5100,3200,267.18,351.5,90,Nov222016
Russell Westbrook,Jose Calderon,Jimmy Butler,Kristaps Porzingis,Wilson Chandler,Tim Frazier,Timofey Mozgov,Ed Davis,OKC,LAL,CHI,NY,DEN,NO,LAL,POR,PG,PG,SG/SF,PF,SF,PG,C,C,12500,3000,9200,7500,5700,5100,3300,3200,260.76,351.5,91,Nov222016
Russell Westbrook,Jose Calderon,Kristaps Porzingis,Terrence Jones,Wilson Chandler,Rajon Rondo,Jusuf Nurkic,Tim Frazier,OKC,LAL,NY,NO,DEN,CHI,DEN,NO,PG,PG,PF,PF,SF,PG,C,PG,12500,3000,7500,5400,5700,5600,4600,5100,268.94,351.5,92,Nov222016
Russell Westbrook,Jamal Murray,Jimmy Butler,Justin Holiday,Kristaps Porzingis,Robin Lopez,Tim Frazier,Ed Davis,OKC,DEN,CHI,NY,NY,CHI,NO,POR,PG,PG,SG/SF,SG/SF,PF,C,PG,C,12500,3500,9200,3200,7500,5300,5100,3200,258.44,351.25,93,Nov222016
Russell Westbrook,Jamal Murray,Kristaps Porzingis,Wilson Chandler,Dennis Schroder,Robin Lopez,Jusuf Nurkic,Tim Frazier,OKC,DEN,NY,DEN,ATL,CHI,DEN,NO,PG,PG,PF,SF,PG,C,C,PG,12500,3500,7500,5700,5600,5300,4600,5100,264.96,351.25,94,Nov222016
Russell Westbrook,Jamal Murray,Kristaps Porzingis,Derrick Rose,Wilson Chandler,Jusuf Nurkic,Tim Frazier,Ed Davis,OKC,DEN,NY,NY,DEN,DEN,NO,POR,PG,PG,PF,PG,SF,C,PG,C,12500,3500,7500,5800,5700,4600,5100,3200,251.51,351.25,95,Nov222016
Russell Westbrook,Jamal Murray,Jimmy Butler,Justin Holiday,Wilson Chandler,Robin Lopez,Jusuf Nurkic,Tim Frazier,OKC,DEN,CHI,NY,DEN,CHI,DEN,NO,PG,PG,SG/SF,SG/SF,SF,C,C,PG,12500,3500,9200,3200,5700,5300,4600,5100,256.59,351.25,96,Nov222016
Russell Westbrook,Jose Calderon,Kristaps Porzingis,Maurice Harkless,Rajon Rondo,Robin Lopez,Jusuf Nurkic,Tim Frazier,OKC,LAL,NY,POR,CHI,CHI,DEN,NO,PG,PG,PF,SF,PG,C,C,PG,12500,3000,7500,4900,5600,5300,4600,5100,268.69,351.25,97,Nov222016
Russell Westbrook,Jamal Murray,Taj Gibson,Kristaps Porzingis,Maurice Harkless,Rajon Rondo,Jusuf Nurkic,Tim Frazier,OKC,DEN,CHI,NY,POR,CHI,DEN,NO,PG,PG,PF/C,PF,SF,PG,C,PG,12500,3500,5400,7500,4900,5600,4600,5100,268.82,351.25,98,Nov222016
Russell Westbrook,Jose Calderon,Jimmy Butler,Evan Turner,Rajon Rondo,Robin Lopez,Jusuf Nurkic,Tim Frazier,OKC,LAL,CHI,POR,CHI,CHI,DEN,NO,PG,PG,SG/SF,SG/SF,PG,C,C,PG,12500,3000,9200,4100,5600,5300,4600,5100,270.37,351.25,99,Nov222016
Russell Westbrook,Jamal Murray,Taj Gibson,Jimmy Butler,Evan Turner,Rajon Rondo,Jusuf Nurkic,Tim Frazier,OKC,DEN,CHI,CHI,POR,CHI,DEN,NO,PG,PG,PF/C,SG/SF,SG/SF,PG,C,PG,12500,3500,5400,9200,4100,5600,4600,5100,270.5,351.25,100,Nov222016
