Player1,Player2,Player3,Player4,Player5,Player6,Player7,Player8,Team1,Team2,Team3,Team4,Team5,Team6,Team7,Team8,Pos1,Pos2,Pos3,Pos4,Pos5,Pos6,Pos7,Pos8,Salary1,Salary2,Salary3,Salary4,Salary5,Salary6,Salary7,Salary8,Projected Value,Actual Scored,Iteration,date
John Henson,Rudy Gay,Bojan Bogdanovic,C.J. McCollum,Avery Bradley,Damian Lillard,Giannis Antetokounmpo,Nikola Jokic,MIL,SAC,BKN,POR,BOS,POR,MIL,DEN,C,SF,SG/SF,PG/SG,SG,PG,PG,PF/C,3000,6200,4400,6800,5100,9100,8800,6600,255.49,392.25,1,Oct292016
John Henson,LeBron James,Trevor Booker,Bojan Bogdanovic,C.J. McCollum,Avery Bradley,Damian Lillard,Nikola Jokic,MIL,CLE,BKN,BKN,POR,BOS,POR,DEN,C,SF/PF,PF,SG/SF,PG/SG,SG,PG,PF/C,3000,9600,4300,4400,6800,5100,9100,6600,248.09,391.75,2,Oct292016
John Henson,Trevor Booker,Bojan Bogdanovic,C.J. McCollum,Avery Bradley,Damian Lillard,Giannis Antetokounmpo,Nikola Jokic,MIL,BKN,BKN,POR,BOS,POR,MIL,DEN,C,PF,SG/SF,PG/SG,SG,PG,PG,PF/C,3000,4300,4400,6800,5100,9100,8800,6600,250.88,390.5,3,Oct292016
John Henson,Bojan Bogdanovic,C.J. McCollum,Avery Bradley,Damian Lillard,Giannis Antetokounmpo,Emmanuel Mudiay,Nikola Jokic,MIL,BKN,POR,BOS,POR,MIL,DEN,DEN,C,SG/SF,PG/SG,SG,PG,PG,PG,PF/C,3000,4400,6800,5100,9100,8800,5900,6600,258.13,390.25,4,Oct292016
John Henson,Doug McDermott,LeBron James,Bojan Bogdanovic,C.J. McCollum,Avery Bradley,Damian Lillard,Nikola Jokic,MIL,CHI,CLE,BKN,POR,BOS,POR,DEN,C,SF,SF/PF,SG/SF,PG/SG,SG,PG,PF/C,3000,3300,9600,4400,6800,5100,9100,6600,232.04,389.75,5,Oct292016
John Henson,Doug McDermott,Bojan Bogdanovic,C.J. McCollum,Avery Bradley,Damian Lillard,Giannis Antetokounmpo,Nikola Jokic,MIL,CHI,BKN,POR,BOS,POR,MIL,DEN,C,SF,SG/SF,PG/SG,SG,PG,PG,PF/C,3000,3300,4400,6800,5100,9100,8800,6600,234.83,388.5,6,Oct292016
John Henson,Bojan Bogdanovic,C.J. McCollum,Avery Bradley,Damian Lillard,Giannis Antetokounmpo,Nikola Jokic,Gorgui Dieng,MIL,BKN,POR,BOS,POR,MIL,DEN,MIN,C,SG/SF,PG/SG,SG,PG,PG,PF/C,PF/C,3000,4400,6800,5100,9100,8800,6600,5900,257.63,388.25,7,Oct292016
John Henson,LeBron James,Bojan Bogdanovic,C.J. McCollum,Matthew Dellavedova,Avery Bradley,Damian Lillard,Nikola Jokic,MIL,CLE,BKN,POR,MIL,BOS,POR,DEN,C,SF/PF,SG/SF,PG/SG,PG/SG,SG,PG,PF/C,3000,9600,4400,6800,3900,5100,9100,6600,238.3,388.0,8,Oct292016
DeMarcus Cousins,John Henson,Trevor Booker,Bojan Bogdanovic,C.J. McCollum,Avery Bradley,Damian Lillard,Nikola Jokic,SAC,MIL,BKN,BKN,POR,BOS,POR,DEN,PF/C,C,PF,SG/SF,PG/SG,SG,PG,PF/C,10600,3000,4300,4400,6800,5100,9100,6600,255.53,388.0,9,Oct292016
John Henson,Matt Barnes,LeBron James,Bojan Bogdanovic,C.J. McCollum,Avery Bradley,Damian Lillard,Nikola Jokic,MIL,SAC,CLE,BKN,POR,BOS,POR,DEN,C,SF,SF/PF,SG/SF,PG/SG,SG,PG,PF/C,3000,3500,9600,4400,6800,5100,9100,6600,240.98,387.5,10,Oct292016
Mike Muscala,Rudy Gay,Bojan Bogdanovic,C.J. McCollum,Avery Bradley,Damian Lillard,Giannis Antetokounmpo,Nikola Jokic,ATL,SAC,BKN,POR,BOS,POR,MIL,DEN,C,SF,SG/SF,PG/SG,SG,PG,PG,PF/C,3000,6200,4400,6800,5100,9100,8800,6600,262.02,387.5,11,Oct292016
John Henson,Rudy Gay,Bojan Bogdanovic,C.J. McCollum,Avery Bradley,Damian Lillard,Kemba Walker,Nikola Jokic,MIL,SAC,BKN,POR,BOS,POR,CHA,DEN,C,SF,SG/SF,PG/SG,SG,PG,PG,PF/C,3000,6200,4400,6800,5100,9100,7100,6600,244.19,387.5,12,Oct292016
DeMarcus Cousins,John Henson,Doug McDermott,Trevor Booker,C.J. McCollum,Avery Bradley,Damian Lillard,Nikola Jokic,SAC,MIL,CHI,BKN,POR,BOS,POR,DEN,PF/C,C,SF,PF,PG/SG,SG,PG,PF/C,10600,3000,3300,4300,6800,5100,9100,6600,238.76,387.5,13,Oct292016
Mike Muscala,LeBron James,Trevor Booker,Bojan Bogdanovic,C.J. McCollum,Avery Bradley,Damian Lillard,Nikola Jokic,ATL,CLE,BKN,BKN,POR,BOS,POR,DEN,C,SF/PF,PF,SG/SF,PG/SG,SG,PG,PF/C,3000,9600,4300,4400,6800,5100,9100,6600,254.62,387.0,14,Oct292016
John Henson,Bojan Bogdanovic,C.J. McCollum,Matthew Dellavedova,Avery Bradley,Damian Lillard,Giannis Antetokounmpo,Nikola Jokic,MIL,BKN,POR,MIL,BOS,POR,MIL,DEN,C,SG/SF,PG/SG,PG/SG,SG,PG,PG,PF/C,3000,4400,6800,3900,5100,9100,8800,6600,241.09,386.75,15,Oct292016
John Henson,Bojan Bogdanovic,C.J. McCollum,Avery Bradley,Damian Lillard,Giannis Antetokounmpo,Jeremy Lin,Nikola Jokic,MIL,BKN,POR,BOS,POR,MIL,BKN,DEN,C,SG/SF,PG/SG,SG,PG,PG,PG,PF/C,3000,4400,6800,5100,9100,8800,5900,6600,257.52,386.75,16,Oct292016
John Henson,Jae Crowder,Bojan Bogdanovic,C.J. McCollum,Avery Bradley,Damian Lillard,Giannis Antetokounmpo,Nikola Jokic,MIL,BOS,BKN,POR,BOS,POR,MIL,DEN,C,SF,SG/SF,PG/SG,SG,PG,PG,PF/C,3000,5500,4400,6800,5100,9100,8800,6600,253.41,386.25,17,Oct292016
John Henson,Matt Barnes,Bojan Bogdanovic,C.J. McCollum,Avery Bradley,Damian Lillard,Giannis Antetokounmpo,Nikola Jokic,MIL,SAC,BKN,POR,BOS,POR,MIL,DEN,C,SF,SG/SF,PG/SG,SG,PG,PG,PF/C,3000,3500,4400,6800,5100,9100,8800,6600,243.77,386.25,18,Oct292016
John Henson,Rudy Gay,Trevor Booker,Bojan Bogdanovic,C.J. McCollum,Avery Bradley,Damian Lillard,Nikola Jokic,MIL,SAC,BKN,BKN,POR,BOS,POR,DEN,C,SF,PF,SG/SF,PG/SG,SG,PG,PF/C,3000,6200,4300,4400,6800,5100,9100,6600,231.26,386.0,19,Oct292016
DeMarcus Cousins,John Henson,Doug McDermott,Bojan Bogdanovic,C.J. McCollum,Avery Bradley,Damian Lillard,Nikola Jokic,SAC,MIL,CHI,BKN,POR,BOS,POR,DEN,PF/C,C,SF,SG/SF,PG/SG,SG,PG,PF/C,10600,3000,3300,4400,6800,5100,9100,6600,239.48,386.0,20,Oct292016
Rudy Gay,Trevor Booker,Bojan Bogdanovic,C.J. McCollum,Avery Bradley,Damian Lillard,Nikola Jokic,Marc Gasol,SAC,BKN,BKN,POR,BOS,POR,DEN,MEM,SF,PF,SG/SF,PG/SG,SG,PG,PF/C,C,6200,4300,4400,6800,5100,9100,6600,6000,247.69,386.0,21,Oct292016
John Henson,Trevor Booker,Bojan Bogdanovic,C.J. McCollum,Avery Bradley,Damian Lillard,Kemba Walker,Nikola Jokic,MIL,BKN,BKN,POR,BOS,POR,CHA,DEN,C,PF,SG/SF,PG/SG,SG,PG,PG,PF/C,3000,4300,4400,6800,5100,9100,7100,6600,239.58,385.75,22,Oct292016
John Henson,Rudy Gay,Bojan Bogdanovic,C.J. McCollum,Avery Bradley,Damian Lillard,Emmanuel Mudiay,Nikola Jokic,MIL,SAC,BKN,POR,BOS,POR,DEN,DEN,C,SF,SG/SF,PG/SG,SG,PG,PG,PF/C,3000,6200,4400,6800,5100,9100,5900,6600,238.51,385.75,23,Oct292016
Mike Muscala,Trevor Booker,Bojan Bogdanovic,C.J. McCollum,Avery Bradley,Damian Lillard,Giannis Antetokounmpo,Nikola Jokic,ATL,BKN,BKN,POR,BOS,POR,MIL,DEN,C,PF,SG/SF,PG/SG,SG,PG,PG,PF/C,3000,4300,4400,6800,5100,9100,8800,6600,257.41,385.75,24,Oct292016
Trevor Booker,Bojan Bogdanovic,C.J. McCollum,Avery Bradley,Damian Lillard,Kemba Walker,Nikola Jokic,Marc Gasol,BKN,BKN,POR,BOS,POR,CHA,DEN,MEM,PF,SG/SF,PG/SG,SG,PG,PG,PF/C,C,4300,4400,6800,5100,9100,7100,6600,6000,256.01,385.75,25,Oct292016
Mike Muscala,Bojan Bogdanovic,C.J. McCollum,Avery Bradley,Damian Lillard,Giannis Antetokounmpo,Emmanuel Mudiay,Nikola Jokic,ATL,BKN,POR,BOS,POR,MIL,DEN,DEN,C,SG/SF,PG/SG,SG,PG,PG,PG,PF/C,3000,4400,6800,5100,9100,8800,5900,6600,264.66,385.5,26,Oct292016
John Henson,Bojan Bogdanovic,C.J. McCollum,Avery Bradley,Damian Lillard,Kemba Walker,Emmanuel Mudiay,Nikola Jokic,MIL,BKN,POR,BOS,POR,CHA,DEN,DEN,C,SG/SF,PG/SG,SG,PG,PG,PG,PF/C,3000,4400,6800,5100,9100,7100,5900,6600,246.83,385.5,27,Oct292016
DeMarcus Cousins,John Henson,Matt Barnes,Trevor Booker,C.J. McCollum,Avery Bradley,Damian Lillard,Nikola Jokic,SAC,MIL,SAC,BKN,POR,BOS,POR,DEN,PF/C,C,SF,PF,PG/SG,SG,PG,PF/C,10600,3000,3500,4300,6800,5100,9100,6600,247.7,385.25,28,Oct292016
Mike Muscala,Doug McDermott,LeBron James,Bojan Bogdanovic,C.J. McCollum,Avery Bradley,Damian Lillard,Nikola Jokic,ATL,CHI,CLE,BKN,POR,BOS,POR,DEN,C,SF,SF/PF,SG/SF,PG/SG,SG,PG,PF/C,3000,3300,9600,4400,6800,5100,9100,6600,238.57,385.0,29,Oct292016
DeMarcus Cousins,John Henson,Bojan Bogdanovic,C.J. McCollum,Matthew Dellavedova,Avery Bradley,Damian Lillard,Nikola Jokic,SAC,MIL,BKN,POR,MIL,BOS,POR,DEN,PF/C,C,SG/SF,PG/SG,PG/SG,SG,PG,PF/C,10600,3000,4400,6800,3900,5100,9100,6600,245.74,384.25,30,Oct292016
John Henson,Trevor Booker,Bojan Bogdanovic,C.J. McCollum,Avery Bradley,Damian Lillard,Emmanuel Mudiay,Nikola Jokic,MIL,BKN,BKN,POR,BOS,POR,DEN,DEN,C,PF,SG/SF,PG/SG,SG,PG,PG,PF/C,3000,4300,4400,6800,5100,9100,5900,6600,233.9,384.0,31,Oct292016
John Henson,Rudy Gay,Doug McDermott,Bojan Bogdanovic,C.J. McCollum,Avery Bradley,Damian Lillard,Nikola Jokic,MIL,SAC,CHI,BKN,POR,BOS,POR,DEN,C,SF,SF,SG/SF,PG/SG,SG,PG,PF/C,3000,6200,3300,4400,6800,5100,9100,6600,215.21,384.0,32,Oct292016
John Henson,Bojan Bogdanovic,C.J. McCollum,Avery Bradley,Damian Lillard,Giannis Antetokounmpo,Nikola Jokic,Marc Gasol,MIL,BKN,POR,BOS,POR,MIL,DEN,MEM,C,SG/SF,PG/SG,SG,PG,PG,PF/C,C,3000,4400,6800,5100,9100,8800,6600,6000,252.9,384.0,33,Oct292016
Rudy Gay,Doug McDermott,Bojan Bogdanovic,C.J. McCollum,Avery Bradley,Damian Lillard,Nikola Jokic,Marc Gasol,SAC,CHI,BKN,POR,BOS,POR,DEN,MEM,SF,SF,SG/SF,PG/SG,SG,PG,PF/C,C,6200,3300,4400,6800,5100,9100,6600,6000,231.64,384.0,34,Oct292016
Trevor Booker,Bojan Bogdanovic,C.J. McCollum,Avery Bradley,Damian Lillard,Emmanuel Mudiay,Nikola Jokic,Marc Gasol,BKN,BKN,POR,BOS,POR,DEN,DEN,MEM,PF,SG/SF,PG/SG,SG,PG,PG,PF/C,C,4300,4400,6800,5100,9100,5900,6600,6000,250.33,384.0,35,Oct292016
John Henson,Doug McDermott,Bojan Bogdanovic,C.J. McCollum,Avery Bradley,Damian Lillard,Kemba Walker,Nikola Jokic,MIL,CHI,BKN,POR,BOS,POR,CHA,DEN,C,SF,SG/SF,PG/SG,SG,PG,PG,PF/C,3000,3300,4400,6800,5100,9100,7100,6600,223.53,383.75,36,Oct292016
Mike Muscala,Doug McDermott,Bojan Bogdanovic,C.J. McCollum,Avery Bradley,Damian Lillard,Giannis Antetokounmpo,Nikola Jokic,ATL,CHI,BKN,POR,BOS,POR,MIL,DEN,C,SF,SG/SF,PG/SG,SG,PG,PG,PF/C,3000,3300,4400,6800,5100,9100,8800,6600,241.36,383.75,37,Oct292016
Doug McDermott,Bojan Bogdanovic,C.J. McCollum,Avery Bradley,Damian Lillard,Kemba Walker,Nikola Jokic,Marc Gasol,CHI,BKN,POR,BOS,POR,CHA,DEN,MEM,SF,SG/SF,PG/SG,SG,PG,PG,PF/C,C,3300,4400,6800,5100,9100,7100,6600,6000,239.96,383.75,38,Oct292016
DeMarcus Cousins,John Henson,Matt Barnes,Bojan Bogdanovic,C.J. McCollum,Avery Bradley,Damian Lillard,Nikola Jokic,SAC,MIL,SAC,BKN,POR,BOS,POR,DEN,PF/C,C,SF,SG/SF,PG/SG,SG,PG,PF/C,10600,3000,3500,4400,6800,5100,9100,6600,248.42,383.75,39,Oct292016
DeMarcus Cousins,John Henson,Doug McDermott,C.J. McCollum,Matthew Dellavedova,Avery Bradley,Damian Lillard,Nikola Jokic,SAC,MIL,CHI,POR,MIL,BOS,POR,DEN,PF/C,C,SF,PG/SG,PG/SG,SG,PG,PF/C,10600,3000,3300,6800,3900,5100,9100,6600,228.97,383.75,40,Oct292016
John Henson,Rudy Gay,Bojan Bogdanovic,C.J. McCollum,Avery Bradley,Damian Lillard,Nikola Jokic,Gorgui Dieng,MIL,SAC,BKN,POR,BOS,POR,DEN,MIN,C,SF,SG/SF,PG/SG,SG,PG,PF/C,PF/C,3000,6200,4400,6800,5100,9100,6600,5900,238.01,383.75,41,Oct292016
Doug McDermott,Bojan Bogdanovic,C.J. McCollum,Avery Bradley,Damian Lillard,Giannis Antetokounmpo,Nikola Jokic,Joakim Noah,CHI,BKN,POR,BOS,POR,MIL,DEN,NY,SF,SG/SF,PG/SG,SG,PG,PG,PF/C,C,3300,4400,6800,5100,9100,8800,6600,5200,241.45,383.5,42,Oct292016
Mike Muscala,Bojan Bogdanovic,C.J. McCollum,Avery Bradley,Damian Lillard,Giannis Antetokounmpo,Nikola Jokic,Gorgui Dieng,ATL,BKN,POR,BOS,POR,MIL,DEN,MIN,C,SG/SF,PG/SG,SG,PG,PG,PF/C,PF/C,3000,4400,6800,5100,9100,8800,6600,5900,264.16,383.5,43,Oct292016
John Henson,Bojan Bogdanovic,C.J. McCollum,Avery Bradley,Damian Lillard,Kemba Walker,Nikola Jokic,Gorgui Dieng,MIL,BKN,POR,BOS,POR,CHA,DEN,MIN,C,SG/SF,PG/SG,SG,PG,PG,PF/C,PF/C,3000,4400,6800,5100,9100,7100,6600,5900,246.33,383.5,44,Oct292016
Mike Muscala,LeBron James,Bojan Bogdanovic,C.J. McCollum,Matthew Dellavedova,Avery Bradley,Damian Lillard,Nikola Jokic,ATL,CLE,BKN,POR,MIL,BOS,POR,DEN,C,SF/PF,SG/SF,PG/SG,PG/SG,SG,PG,PF/C,3000,9600,4400,6800,3900,5100,9100,6600,244.83,383.25,45,Oct292016
DeMarcus Cousins,Mike Muscala,Trevor Booker,Bojan Bogdanovic,C.J. McCollum,Avery Bradley,Damian Lillard,Nikola Jokic,SAC,ATL,BKN,BKN,POR,BOS,POR,DEN,PF/C,C,PF,SG/SF,PG/SG,SG,PG,PF/C,10600,3000,4300,4400,6800,5100,9100,6600,262.06,383.25,46,Oct292016
DeMarcus Cousins,John Henson,Matt Barnes,Doug McDermott,C.J. McCollum,Avery Bradley,Damian Lillard,Nikola Jokic,SAC,MIL,SAC,CHI,POR,BOS,POR,DEN,PF/C,C,SF,SF,PG/SG,SG,PG,PF/C,10600,3000,3500,3300,6800,5100,9100,6600,231.65,383.25,47,Oct292016
DeMarcus Cousins,John Henson,Jae Crowder,Doug McDermott,C.J. McCollum,Avery Bradley,Damian Lillard,Nikola Jokic,SAC,MIL,BOS,CHI,POR,BOS,POR,DEN,PF/C,C,SF,SF,PG/SG,SG,PG,PF/C,10600,3000,5500,3300,6800,5100,9100,6600,241.29,383.25,48,Oct292016
John Henson,Doug McDermott,Myles Turner,C.J. McCollum,Avery Bradley,Damian Lillard,Giannis Antetokounmpo,Nikola Jokic,MIL,CHI,IND,POR,BOS,POR,MIL,DEN,C,SF,PF/C,PG/SG,SG,PG,PG,PF/C,3000,3300,7200,6800,5100,9100,8800,6600,242.33,383.0,49,Oct292016
John Henson,Doug McDermott,LeBron James,Bojan Bogdanovic,Avery Bradley,Damian Lillard,Giannis Antetokounmpo,Nikola Jokic,MIL,CHI,CLE,BKN,BOS,POR,MIL,DEN,C,SF,SF/PF,SG/SF,SG,PG,PG,PF/C,3000,3300,9600,4400,5100,9100,8800,6600,246.91,383.0,50,Oct292016
Trevor Booker,Bojan Bogdanovic,C.J. McCollum,Avery Bradley,Damian Lillard,Giannis Antetokounmpo,Nikola Jokic,Robin Lopez,BKN,BKN,POR,BOS,POR,MIL,DEN,CHI,PF,SG/SF,PG/SG,SG,PG,PG,PF/C,C,4300,4400,6800,5100,9100,8800,6600,4800,261.75,383.0,51,Oct292016
John Henson,LeBron James,Bojan Bogdanovic,C.J. McCollum,Avery Bradley,Rashad Vaughn,Damian Lillard,Nikola Jokic,MIL,CLE,BKN,POR,BOS,MIL,POR,DEN,C,SF/PF,SG/SF,PG/SG,SG,SG,PG,PF/C,3000,9600,4400,6800,5100,3000,9100,6600,228.09,382.75,52,Oct292016
Mike Muscala,Rudy Gay,Bojan Bogdanovic,C.J. McCollum,Avery Bradley,Damian Lillard,Kemba Walker,Nikola Jokic,ATL,SAC,BKN,POR,BOS,POR,CHA,DEN,C,SF,SG/SF,PG/SG,SG,PG,PG,PF/C,3000,6200,4400,6800,5100,9100,7100,6600,250.72,382.75,53,Oct292016
Mike Muscala,Matt Barnes,LeBron James,Bojan Bogdanovic,C.J. McCollum,Avery Bradley,Damian Lillard,Nikola Jokic,ATL,SAC,CLE,BKN,POR,BOS,POR,DEN,C,SF,SF/PF,SG/SF,PG/SG,SG,PG,PF/C,3000,3500,9600,4400,6800,5100,9100,6600,247.51,382.75,54,Oct292016
Doug McDermott,Trevor Booker,Bojan Bogdanovic,C.J. McCollum,Avery Bradley,Damian Lillard,Nikola Jokic,Karl-Anthony Towns,CHI,BKN,BKN,POR,BOS,POR,DEN,MIN,SF,PF,SG/SF,PG/SG,SG,PG,PF/C,C,3300,4300,4400,6800,5100,9100,6600,9000,244.7,382.75,55,Oct292016
DeMarcus Cousins,Mike Muscala,Doug McDermott,Trevor Booker,C.J. McCollum,Avery Bradley,Damian Lillard,Nikola Jokic,SAC,ATL,CHI,BKN,POR,BOS,POR,DEN,PF/C,C,SF,PF,PG/SG,SG,PG,PF/C,10600,3000,3300,4300,6800,5100,9100,6600,245.29,382.75,56,Oct292016
John Henson,Doug McDermott,Trevor Booker,Bojan Bogdanovic,C.J. McCollum,Avery Bradley,Damian Lillard,Nikola Jokic,MIL,CHI,BKN,BKN,POR,BOS,POR,DEN,C,SF,PF,SG/SF,PG/SG,SG,PG,PF/C,3000,3300,4300,4400,6800,5100,9100,6600,210.6,382.25,57,Oct292016
John Henson,Doug McDermott,Kristaps Porzingis,C.J. McCollum,Avery Bradley,Damian Lillard,Giannis Antetokounmpo,Nikola Jokic,MIL,CHI,NY,POR,BOS,POR,MIL,DEN,C,SF,PF,PG/SG,SG,PG,PG,PF/C,3000,3300,7300,6800,5100,9100,8800,6600,245.01,382.25,58,Oct292016
John Henson,Rudy Gay,Bojan Bogdanovic,C.J. McCollum,Avery Bradley,Damian Lillard,Jeremy Lin,Nikola Jokic,MIL,SAC,BKN,POR,BOS,POR,BKN,DEN,C,SF,SG/SF,PG/SG,SG,PG,PG,PF/C,3000,6200,4400,6800,5100,9100,5900,6600,237.9,382.25,59,Oct292016
Doug McDermott,Trevor Booker,Bojan Bogdanovic,C.J. McCollum,Avery Bradley,Damian Lillard,Nikola Jokic,Marc Gasol,CHI,BKN,BKN,POR,BOS,POR,DEN,MEM,SF,PF,SG/SF,PG/SG,SG,PG,PF/C,C,3300,4300,4400,6800,5100,9100,6600,6000,227.03,382.25,60,Oct292016
John Henson,Rudy Gay,Bojan Bogdanovic,C.J. McCollum,Matthew Dellavedova,Avery Bradley,Damian Lillard,Nikola Jokic,MIL,SAC,BKN,POR,MIL,BOS,POR,DEN,C,SF,SG/SF,PG/SG,PG/SG,SG,PG,PF/C,3000,6200,4400,6800,3900,5100,9100,6600,221.47,382.25,61,Oct292016
Rudy Gay,Bojan Bogdanovic,C.J. McCollum,Matthew Dellavedova,Avery Bradley,Damian Lillard,Nikola Jokic,Marc Gasol,SAC,BKN,POR,MIL,BOS,POR,DEN,MEM,SF,SG/SF,PG/SG,PG/SG,SG,PG,PF/C,C,6200,4400,6800,3900,5100,9100,6600,6000,237.9,382.25,62,Oct292016
Doug McDermott,LeBron James,Bojan Bogdanovic,C.J. McCollum,Avery Bradley,Damian Lillard,Nikola Jokic,Robin Lopez,CHI,CLE,BKN,POR,BOS,POR,DEN,CHI,SF,SF/PF,SG/SF,PG/SG,SG,PG,PF/C,C,3300,9600,4400,6800,5100,9100,6600,4800,242.91,382.25,63,Oct292016
John Henson,LeBron James,Trevor Booker,Will Barton,C.J. McCollum,Avery Bradley,Damian Lillard,Nikola Jokic,MIL,CLE,BKN,DEN,POR,BOS,POR,DEN,C,SF/PF,PF,SG/SF,PG/SG,SG,PG,PF/C,3000,9600,4300,5000,6800,5100,9100,6600,249.25,382.25,64,Oct292016
Mike Muscala,Bojan Bogdanovic,C.J. McCollum,Matthew Dellavedova,Avery Bradley,Damian Lillard,Giannis Antetokounmpo,Nikola Jokic,ATL,BKN,POR,MIL,BOS,POR,MIL,DEN,C,SG/SF,PG/SG,PG/SG,SG,PG,PG,PF/C,3000,4400,6800,3900,5100,9100,8800,6600,247.62,382.0,65,Oct292016
Mike Muscala,Bojan Bogdanovic,C.J. McCollum,Avery Bradley,Damian Lillard,Giannis Antetokounmpo,Jeremy Lin,Nikola Jokic,ATL,BKN,POR,BOS,POR,MIL,BKN,DEN,C,SG/SF,PG/SG,SG,PG,PG,PG,PF/C,3000,4400,6800,5100,9100,8800,5900,6600,264.05,382.0,66,Oct292016
John Henson,Doug McDermott,Bojan Bogdanovic,C.J. McCollum,Avery Bradley,Damian Lillard,Emmanuel Mudiay,Nikola Jokic,MIL,CHI,BKN,POR,BOS,POR,DEN,DEN,C,SF,SG/SF,PG/SG,SG,PG,PG,PF/C,3000,3300,4400,6800,5100,9100,5900,6600,217.85,382.0,67,Oct292016
John Henson,Trevor Booker,Bojan Bogdanovic,C.J. McCollum,Avery Bradley,Damian Lillard,Nikola Jokic,Gorgui Dieng,MIL,BKN,BKN,POR,BOS,POR,DEN,MIN,C,PF,SG/SF,PG/SG,SG,PG,PF/C,PF/C,3000,4300,4400,6800,5100,9100,6600,5900,233.4,382.0,68,Oct292016
Bojan Bogdanovic,C.J. McCollum,Matthew Dellavedova,Avery Bradley,Damian Lillard,Kemba Walker,Nikola Jokic,Marc Gasol,BKN,POR,MIL,BOS,POR,CHA,DEN,MEM,SG/SF,PG/SG,PG/SG,SG,PG,PG,PF/C,C,4400,6800,3900,5100,9100,7100,6600,6000,246.22,382.0,69,Oct292016
John Henson,Bojan Bogdanovic,C.J. McCollum,Matthew Dellavedova,Avery Bradley,Damian Lillard,Kemba Walker,Nikola Jokic,MIL,BKN,POR,MIL,BOS,POR,CHA,DEN,C,SG/SF,PG/SG,PG/SG,SG,PG,PG,PF/C,3000,4400,6800,3900,5100,9100,7100,6600,229.79,382.0,70,Oct292016
John Henson,Bojan Bogdanovic,C.J. McCollum,Avery Bradley,Damian Lillard,Kemba Walker,Jeremy Lin,Nikola Jokic,MIL,BKN,POR,BOS,POR,CHA,BKN,DEN,C,SG/SF,PG/SG,SG,PG,PG,PG,PF/C,3000,4400,6800,5100,9100,7100,5900,6600,246.22,382.0,71,Oct292016
Trevor Booker,Bojan Bogdanovic,C.J. McCollum,Avery Bradley,Damian Lillard,Nikola Jokic,Gorgui Dieng,Marc Gasol,BKN,BKN,POR,BOS,POR,DEN,MIN,MEM,PF,SG/SF,PG/SG,SG,PG,PF/C,PF/C,C,4300,4400,6800,5100,9100,6600,5900,6000,249.83,382.0,72,Oct292016
Doug McDermott,Bojan Bogdanovic,C.J. McCollum,Avery Bradley,Damian Lillard,Emmanuel Mudiay,Nikola Jokic,Marc Gasol,CHI,BKN,POR,BOS,POR,DEN,DEN,MEM,SF,SG/SF,PG/SG,SG,PG,PG,PF/C,C,3300,4400,6800,5100,9100,5900,6600,6000,234.28,382.0,73,Oct292016
Rudy Gay,Matt Barnes,Bojan Bogdanovic,C.J. McCollum,Avery Bradley,Damian Lillard,Nikola Jokic,Marc Gasol,SAC,SAC,BKN,POR,BOS,POR,DEN,MEM,SF,SF,SG/SF,PG/SG,SG,PG,PF/C,C,6200,3500,4400,6800,5100,9100,6600,6000,240.58,381.75,74,Oct292016
John Henson,LeBron James,Bojan Bogdanovic,Jeff Green,C.J. McCollum,Avery Bradley,Damian Lillard,Nikola Jokic,MIL,CLE,BKN,ORL,POR,BOS,POR,DEN,C,SF/PF,SG/SF,SF/PF,PG/SG,SG,PG,PF/C,3000,9600,4400,3900,6800,5100,9100,6600,235.82,381.75,75,Oct292016
Bojan Bogdanovic,C.J. McCollum,Avery Bradley,Damian Lillard,Emmanuel Mudiay,Nikola Jokic,Gorgui Dieng,Marc Gasol,BKN,POR,BOS,POR,DEN,DEN,MIN,MEM,SG/SF,PG/SG,SG,PG,PG,PF/C,PF/C,C,4400,6800,5100,9100,5900,6600,5900,6000,257.08,381.75,76,Oct292016
John Henson,Rudy Gay,Jae Crowder,Bojan Bogdanovic,C.J. McCollum,Avery Bradley,Damian Lillard,Nikola Jokic,MIL,SAC,BOS,BKN,POR,BOS,POR,DEN,C,SF,SF,SG/SF,PG/SG,SG,PG,PF/C,3000,6200,5500,4400,6800,5100,9100,6600,233.79,381.75,77,Oct292016
Rudy Gay,Jae Crowder,Bojan Bogdanovic,C.J. McCollum,Avery Bradley,Damian Lillard,Nikola Jokic,Marc Gasol,SAC,BOS,BKN,POR,BOS,POR,DEN,MEM,SF,SF,SG/SF,PG/SG,SG,PG,PF/C,C,6200,5500,4400,6800,5100,9100,6600,6000,250.22,381.75,78,Oct292016
John Henson,Bojan Bogdanovic,C.J. McCollum,Avery Bradley,Damian Lillard,Emmanuel Mudiay,Nikola Jokic,Gorgui Dieng,MIL,BKN,POR,BOS,POR,DEN,DEN,MIN,C,SG/SF,PG/SG,SG,PG,PG,PF/C,PF/C,3000,4400,6800,5100,9100,5900,6600,5900,240.65,381.75,79,Oct292016
John Henson,Rudy Gay,Matt Barnes,Bojan Bogdanovic,C.J. McCollum,Avery Bradley,Damian Lillard,Nikola Jokic,MIL,SAC,SAC,BKN,POR,BOS,POR,DEN,C,SF,SF,SG/SF,PG/SG,SG,PG,PF/C,3000,6200,3500,4400,6800,5100,9100,6600,224.15,381.75,80,Oct292016
Bojan Bogdanovic,C.J. McCollum,Matthew Dellavedova,Avery Bradley,Damian Lillard,Giannis Antetokounmpo,Nikola Jokic,Joakim Noah,BKN,POR,MIL,BOS,POR,MIL,DEN,NY,SG/SF,PG/SG,PG/SG,SG,PG,PG,PF/C,C,4400,6800,3900,5100,9100,8800,6600,5200,247.71,381.75,81,Oct292016
John Henson,Jae Crowder,Bojan Bogdanovic,C.J. McCollum,Avery Bradley,Damian Lillard,Kemba Walker,Nikola Jokic,MIL,BOS,BKN,POR,BOS,POR,CHA,DEN,C,SF,SG/SF,PG/SG,SG,PG,PG,PF/C,3000,5500,4400,6800,5100,9100,7100,6600,242.11,381.5,82,Oct292016
Mike Muscala,Jae Crowder,Bojan Bogdanovic,C.J. McCollum,Avery Bradley,Damian Lillard,Giannis Antetokounmpo,Nikola Jokic,ATL,BOS,BKN,POR,BOS,POR,MIL,DEN,C,SF,SG/SF,PG/SG,SG,PG,PG,PF/C,3000,5500,4400,6800,5100,9100,8800,6600,259.94,381.5,83,Oct292016
Mike Muscala,Matt Barnes,Bojan Bogdanovic,C.J. McCollum,Avery Bradley,Damian Lillard,Giannis Antetokounmpo,Nikola Jokic,ATL,SAC,BKN,POR,BOS,POR,MIL,DEN,C,SF,SG/SF,PG/SG,SG,PG,PG,PF/C,3000,3500,4400,6800,5100,9100,8800,6600,250.3,381.5,84,Oct292016
John Henson,Matt Barnes,Bojan Bogdanovic,C.J. McCollum,Avery Bradley,Damian Lillard,Kemba Walker,Nikola Jokic,MIL,SAC,BKN,POR,BOS,POR,CHA,DEN,C,SF,SG/SF,PG/SG,SG,PG,PG,PF/C,3000,3500,4400,6800,5100,9100,7100,6600,232.47,381.5,85,Oct292016
Matt Barnes,Bojan Bogdanovic,C.J. McCollum,Avery Bradley,Damian Lillard,Kemba Walker,Nikola Jokic,Marc Gasol,SAC,BKN,POR,BOS,POR,CHA,DEN,MEM,SF,SG/SF,PG/SG,SG,PG,PG,PF/C,C,3500,4400,6800,5100,9100,7100,6600,6000,248.9,381.5,86,Oct292016
John Henson,Bojan Bogdanovic,C.J. McCollum,Avery Bradley,Rashad Vaughn,Damian Lillard,Giannis Antetokounmpo,Nikola Jokic,MIL,BKN,POR,BOS,MIL,POR,MIL,DEN,C,SG/SF,PG/SG,SG,SG,PG,PG,PF/C,3000,4400,6800,5100,3000,9100,8800,6600,230.88,381.5,87,Oct292016
DeMarcus Cousins,John Henson,Matt Barnes,C.J. McCollum,Matthew Dellavedova,Avery Bradley,Damian Lillard,Nikola Jokic,SAC,MIL,SAC,POR,MIL,BOS,POR,DEN,PF/C,C,SF,PG/SG,PG/SG,SG,PG,PF/C,10600,3000,3500,6800,3900,5100,9100,6600,237.91,381.5,88,Oct292016
Bojan Bogdanovic,C.J. McCollum,Avery Bradley,Rashad Vaughn,Damian Lillard,Giannis Antetokounmpo,Nikola Jokic,Marc Gasol,BKN,POR,BOS,MIL,POR,MIL,DEN,MEM,SG/SF,PG/SG,SG,SG,PG,PG,PF/C,C,4400,6800,5100,3000,9100,8800,6600,6000,247.31,381.5,89,Oct292016
Rudy Gay,Trevor Booker,Bojan Bogdanovic,C.J. McCollum,Avery Bradley,Damian Lillard,Nikola Jokic,Al Horford,SAC,BKN,BKN,POR,BOS,POR,DEN,BOS,SF,PF,SG/SF,PG/SG,SG,PG,PF/C,C,6200,4300,4400,6800,5100,9100,6600,6700,258.34,381.5,90,Oct292016
Mike Muscala,Rudy Gay,Trevor Booker,Bojan Bogdanovic,C.J. McCollum,Avery Bradley,Damian Lillard,Nikola Jokic,ATL,SAC,BKN,BKN,POR,BOS,POR,DEN,C,SF,PF,SG/SF,PG/SG,SG,PG,PF/C,3000,6200,4300,4400,6800,5100,9100,6600,237.79,381.25,91,Oct292016
DeMarcus Cousins,Mike Muscala,Doug McDermott,Bojan Bogdanovic,C.J. McCollum,Avery Bradley,Damian Lillard,Nikola Jokic,SAC,ATL,CHI,BKN,POR,BOS,POR,DEN,PF/C,C,SF,SG/SF,PG/SG,SG,PG,PF/C,10600,3000,3300,4400,6800,5100,9100,6600,246.01,381.25,92,Oct292016
John Henson,Rudy Gay,Bojan Bogdanovic,C.J. McCollum,Avery Bradley,Damian Lillard,Isaiah Thomas,Nikola Jokic,MIL,SAC,BKN,POR,BOS,POR,BOS,DEN,C,SF,SG/SF,PG/SG,SG,PG,PG,PF/C,3000,6200,4400,6800,5100,9100,7200,6600,241.81,381.25,93,Oct292016
Matt Barnes,Bojan Bogdanovic,C.J. McCollum,Avery Bradley,Damian Lillard,Giannis Antetokounmpo,Nikola Jokic,Joakim Noah,SAC,BKN,POR,BOS,POR,MIL,DEN,NY,SF,SG/SF,PG/SG,SG,PG,PG,PF/C,C,3500,4400,6800,5100,9100,8800,6600,5200,250.39,381.25,94,Oct292016
John Henson,Bojan Bogdanovic,C.J. McCollum,Zach LaVine,Avery Bradley,Damian Lillard,Giannis Antetokounmpo,Nikola Jokic,MIL,BKN,POR,MIN,BOS,POR,MIL,DEN,C,SG/SF,PG/SG,SG,SG,PG,PG,PF/C,3000,4400,6800,5600,5100,9100,8800,6600,254.56,381.25,95,Oct292016
Trevor Booker,Bojan Bogdanovic,C.J. McCollum,Matthew Dellavedova,Avery Bradley,Damian Lillard,Nikola Jokic,Karl-Anthony Towns,BKN,BKN,POR,MIL,BOS,POR,DEN,MIN,PF,SG/SF,PG/SG,PG/SG,SG,PG,PF/C,C,4300,4400,6800,3900,5100,9100,6600,9000,250.96,381.0,96,Oct292016
Mike Muscala,Rudy Gay,Bojan Bogdanovic,C.J. McCollum,Avery Bradley,Damian Lillard,Emmanuel Mudiay,Nikola Jokic,ATL,SAC,BKN,POR,BOS,POR,DEN,DEN,C,SF,SG/SF,PG/SG,SG,PG,PG,PF/C,3000,6200,4400,6800,5100,9100,5900,6600,245.04,381.0,97,Oct292016
Rudy Gay,Trevor Booker,Bojan Bogdanovic,C.J. McCollum,Avery Bradley,Damian Lillard,Nikola Jokic,Joakim Noah,SAC,BKN,BKN,POR,BOS,POR,DEN,NY,SF,PF,SG/SF,PG/SG,SG,PG,PF/C,C,6200,4300,4400,6800,5100,9100,6600,5200,237.88,381.0,98,Oct292016
Doug McDermott,Bojan Bogdanovic,C.J. McCollum,Avery Bradley,Damian Lillard,Giannis Antetokounmpo,Nikola Jokic,Robin Lopez,CHI,BKN,POR,BOS,POR,MIL,DEN,CHI,SF,SG/SF,PG/SG,SG,PG,PG,PF/C,C,3300,4400,6800,5100,9100,8800,6600,4800,245.7,381.0,99,Oct292016
Mike Muscala,Trevor Booker,Bojan Bogdanovic,C.J. McCollum,Avery Bradley,Damian Lillard,Kemba Walker,Nikola Jokic,ATL,BKN,BKN,POR,BOS,POR,CHA,DEN,C,PF,SG/SF,PG/SG,SG,PG,PG,PF/C,3000,4300,4400,6800,5100,9100,7100,6600,246.11,381.0,100,Oct292016
