Player1,Player2,Player3,Player4,Player5,Player6,Player7,Player8,Team1,Team2,Team3,Team4,Team5,Team6,Team7,Team8,Pos1,Pos2,Pos3,Pos4,Pos5,Pos6,Pos7,Pos8,Salary1,Salary2,Salary3,Salary4,Salary5,Salary6,Salary7,Salary8,Projected Value,Actual Scored,Iteration,date
DeMarcus Cousins,Maurice Harkless,Thabo Sefolosha,Blake Griffin,Kawhi Leonard,Mason Plumlee,Dwyane Wade,Avery Bradley,SAC,POR,ATL,LAC,SA,POR,CHI,BOS,PF/C,SF,SF,PF,SF/PF,C,SG,SG,10300,3600,3100,8600,8400,4300,6300,4900,244.25,356.25,1,Oct272016
DeMarcus Cousins,Maurice Harkless,Thabo Sefolosha,Blake Griffin,Paul Millsap,Mason Plumlee,Damian Lillard,Tim Hardaway Jr.,SAC,POR,ATL,LAC,ATL,POR,POR,ATL,PF/C,SF,SF,PF,PF,C,PG,PG/SG,10300,3600,3100,8600,7900,4300,9200,3000,229.46,354.25,2,Oct272016
DeMarcus Cousins,Maurice Harkless,Thabo Sefolosha,Blake Griffin,Paul Millsap,Mason Plumlee,Dwyane Wade,Avery Bradley,SAC,POR,ATL,LAC,ATL,POR,CHI,BOS,PF/C,SF,SF,PF,PF,C,SG,SG,10300,3600,3100,8600,7900,4300,6300,4900,237.0,353.25,3,Oct272016
DeMarcus Cousins,Thabo Sefolosha,Blake Griffin,Kawhi Leonard,Markieff Morris,Mason Plumlee,Dwyane Wade,Jamal Crawford,SAC,ATL,LAC,SA,WAS,POR,CHI,LAC,PF/C,SF,PF,SF/PF,SF/PF,C,SG,SG,10300,3100,8600,8400,5400,4300,6300,3600,243.41,352.5,4,Oct272016
DeMarcus Cousins,Thabo Sefolosha,Taj Gibson,Blake Griffin,Kawhi Leonard,Mason Plumlee,Dwyane Wade,Avery Bradley,SAC,ATL,CHI,LAC,SA,POR,CHI,BOS,PF/C,SF,PF/C,PF,SF/PF,C,SG,SG,10300,3100,4100,8600,8400,4300,6300,4900,253.73,352.25,5,Oct272016
DeMarcus Cousins,Maurice Harkless,Thabo Sefolosha,Blake Griffin,Kawhi Leonard,Mason Plumlee,Dwyane Wade,Jamal Crawford,SAC,POR,ATL,LAC,SA,POR,CHI,LAC,PF/C,SF,SF,PF,SF/PF,C,SG,SG,10300,3600,3100,8600,8400,4300,6300,3600,230.97,352.0,6,Oct272016
DeMarcus Cousins,Maurice Harkless,Thabo Sefolosha,Blake Griffin,Dwight Howard,Mason Plumlee,Damian Lillard,Tim Hardaway Jr.,SAC,POR,ATL,LAC,ATL,POR,POR,ATL,PF/C,SF,SF,PF,C,C,PG,PG/SG,10300,3600,3100,8600,7500,4300,9200,3000,220.84,351.75,7,Oct272016
DeMarcus Cousins,Maurice Harkless,Thabo Sefolosha,Blake Griffin,Paul Millsap,Mason Plumlee,Tim Hardaway Jr.,Chris Paul,SAC,POR,ATL,LAC,ATL,POR,ATL,LAC,PF/C,SF,SF,PF,PF,C,PG/SG,PG,10300,3600,3100,8600,7900,4300,3000,8800,231.42,351.5,8,Oct272016
DeMarcus Cousins,Maurice Harkless,Thabo Sefolosha,Isaiah Thomas,Blake Griffin,Paul Millsap,Mason Plumlee,Avery Bradley,SAC,POR,ATL,BOS,LAC,ATL,POR,BOS,PF/C,SF,SF,PG,PF,PF,C,SG,10300,3600,3100,7200,8600,7900,4300,4900,250.93,351.5,9,Oct272016
DeMarcus Cousins,Thabo Sefolosha,Blake Griffin,Kawhi Leonard,Markieff Morris,Mason Plumlee,Tim Hardaway Jr.,Dwyane Wade,SAC,ATL,LAC,SA,WAS,POR,ATL,CHI,PF/C,SF,PF,SF/PF,SF/PF,C,PG/SG,SG,10300,3100,8600,8400,5400,4300,3000,6300,233.17,350.75,10,Oct272016
DeMarcus Cousins,Maurice Harkless,Thabo Sefolosha,Blake Griffin,Dwight Howard,Mason Plumlee,Dwyane Wade,Avery Bradley,SAC,POR,ATL,LAC,ATL,POR,CHI,BOS,PF/C,SF,SF,PF,C,C,SG,SG,10300,3600,3100,8600,7500,4300,6300,4900,228.38,350.75,11,Oct272016
DeMarcus Cousins,Maurice Harkless,Thabo Sefolosha,Blake Griffin,Dwight Howard,Mason Plumlee,Chris Paul,Jamal Crawford,SAC,POR,ATL,LAC,ATL,POR,LAC,LAC,PF/C,SF,SF,PF,C,C,PG,SG,10300,3600,3100,8600,7500,4300,8800,3600,233.04,350.75,12,Oct272016
DeMarcus Cousins,John Wall,Maurice Harkless,Thabo Sefolosha,Blake Griffin,Kawhi Leonard,Mason Plumlee,Tim Hardaway Jr.,SAC,WAS,POR,ATL,LAC,SA,POR,ATL,PF/C,PG,SF,SF,PF,SF/PF,C,PG/SG,10300,8200,3600,3100,8600,8400,4300,3000,234.7,350.5,13,Oct272016
DeMarcus Cousins,Maurice Harkless,Thabo Sefolosha,Blake Griffin,Kawhi Leonard,Mason Plumlee,Tim Hardaway Jr.,Dwyane Wade,SAC,POR,ATL,LAC,SA,POR,ATL,CHI,PF/C,SF,SF,PF,SF/PF,C,PG/SG,SG,10300,3600,3100,8600,8400,4300,3000,6300,220.73,350.25,14,Oct272016
DeMarcus Cousins,Maurice Harkless,Thabo Sefolosha,Isaiah Thomas,Blake Griffin,Kawhi Leonard,Mason Plumlee,Jamal Crawford,SAC,POR,ATL,BOS,LAC,SA,POR,LAC,PF/C,SF,SF,PG,PF,SF/PF,C,SG,10300,3600,3100,7200,8600,8400,4300,3600,244.9,350.25,15,Oct272016
DeMarcus Cousins,Maurice Harkless,Thabo Sefolosha,Blake Griffin,Dwight Howard,Jimmy Butler,Tim Hardaway Jr.,Dwyane Wade,SAC,POR,ATL,LAC,ATL,CHI,ATL,CHI,PF/C,SF,SF,PF,C,SG/SF,PG/SG,SG,10300,3600,3100,8600,7500,7400,3000,6300,224.37,350.0,16,Oct272016
DeMarcus Cousins,Maurice Harkless,Thabo Sefolosha,Paul Millsap,Kawhi Leonard,Mason Plumlee,Damian Lillard,Tim Hardaway Jr.,SAC,POR,ATL,ATL,SA,POR,POR,ATL,PF/C,SF,SF,PF,SF/PF,C,PG,PG/SG,10300,3600,3100,7900,8400,4300,9200,3000,240.07,349.75,17,Oct272016
DeMarcus Cousins,Maurice Harkless,Thabo Sefolosha,Blake Griffin,Kawhi Leonard,Dewayne Dedmon,Damian Lillard,Jamal Crawford,SAC,POR,ATL,LAC,SA,SA,POR,LAC,PF/C,SF,SF,PF,SF/PF,C,PG,SG,10300,3600,3100,8600,8400,3000,9200,3600,238.94,349.75,18,Oct272016
DeMarcus Cousins,Maurice Harkless,Thabo Sefolosha,Blake Griffin,Markieff Morris,Dwight Howard,Dwyane Wade,Avery Bradley,SAC,POR,ATL,LAC,WAS,ATL,CHI,BOS,PF/C,SF,SF,PF,SF/PF,C,SG,SG,10300,3600,3100,8600,5400,7500,6300,4900,230.24,349.75,19,Oct272016
DeMarcus Cousins,Thabo Sefolosha,Blake Griffin,Paul Millsap,Markieff Morris,Mason Plumlee,Dwyane Wade,Jamal Crawford,SAC,ATL,LAC,ATL,WAS,POR,CHI,LAC,PF/C,SF,PF,PF,SF/PF,C,SG,SG,10300,3100,8600,7900,5400,4300,6300,3600,236.16,349.5,20,Oct272016
DeMarcus Cousins,Thabo Sefolosha,Blake Griffin,Kawhi Leonard,Mason Plumlee,Dewayne Dedmon,Damian Lillard,Tim Hardaway Jr.,SAC,ATL,LAC,SA,POR,SA,POR,ATL,PF/C,SF,PF,SF/PF,C,C,PG,PG/SG,10300,3100,8600,8400,4300,3000,9200,3000,239.28,349.5,21,Oct272016
DeMarcus Cousins,Thabo Sefolosha,Taj Gibson,Blake Griffin,Paul Millsap,Mason Plumlee,Dwyane Wade,Avery Bradley,SAC,ATL,CHI,LAC,ATL,POR,CHI,BOS,PF/C,SF,PF/C,PF,PF,C,SG,SG,10300,3100,4100,8600,7900,4300,6300,4900,246.48,349.25,22,Oct272016
DeMarcus Cousins,Maurice Harkless,Thabo Sefolosha,Terry Rozier,Blake Griffin,Dwight Howard,Mason Plumlee,Damian Lillard,SAC,POR,ATL,BOS,LAC,ATL,POR,POR,PF/C,SF,SF,PG,PF,C,C,PG,10300,3600,3100,3300,8600,7500,4300,9200,219.31,349.25,23,Oct272016
DeMarcus Cousins,John Wall,Maurice Harkless,Thabo Sefolosha,Blake Griffin,Paul Millsap,Mason Plumlee,Jamal Crawford,SAC,WAS,POR,ATL,LAC,ATL,POR,LAC,PF/C,PG,SF,SF,PF,PF,C,SG,10300,8200,3600,3100,8600,7900,4300,3600,237.69,349.25,24,Oct272016
DeMarcus Cousins,Maurice Harkless,Thabo Sefolosha,Blake Griffin,Mason Plumlee,Jimmy Butler,Damian Lillard,Tim Hardaway Jr.,SAC,POR,ATL,LAC,POR,CHI,POR,ATL,PF/C,SF,SF,PF,C,SG/SF,PG,PG/SG,10300,3600,3100,8600,4300,7400,9200,3000,235.14,349.25,25,Oct272016
DeMarcus Cousins,Maurice Harkless,Thabo Sefolosha,Blake Griffin,Paul Millsap,Mason Plumlee,Dwyane Wade,Jamal Crawford,SAC,POR,ATL,LAC,ATL,POR,CHI,LAC,PF/C,SF,SF,PF,PF,C,SG,SG,10300,3600,3100,8600,7900,4300,6300,3600,223.72,349.0,26,Oct272016
DeMarcus Cousins,Maurice Harkless,Thabo Sefolosha,Blake Griffin,Markieff Morris,Mason Plumlee,Damian Lillard,Avery Bradley,SAC,POR,ATL,LAC,WAS,POR,POR,BOS,PF/C,SF,SF,PF,SF/PF,C,PG,SG,10300,3600,3100,8600,5400,4300,9200,4900,241.01,349.0,27,Oct272016
DeMarcus Cousins,Maurice Harkless,Thabo Sefolosha,Isaiah Thomas,Blake Griffin,Dwight Howard,Mason Plumlee,Avery Bradley,SAC,POR,ATL,BOS,LAC,ATL,POR,BOS,PF/C,SF,SF,PG,PF,C,C,SG,10300,3600,3100,7200,8600,7500,4300,4900,242.31,349.0,28,Oct272016
DeMarcus Cousins,Maurice Harkless,Thabo Sefolosha,Kawhi Leonard,Dwight Howard,Mason Plumlee,Damian Lillard,Jamal Crawford,SAC,POR,ATL,SA,ATL,POR,POR,LAC,PF/C,SF,SF,SF/PF,C,C,PG,SG,10300,3600,3100,8400,7500,4300,9200,3600,241.69,349.0,29,Oct272016
DeMarcus Cousins,Maurice Harkless,Thabo Sefolosha,Terry Rozier,Blake Griffin,Paul Millsap,Mason Plumlee,Chris Paul,SAC,POR,ATL,BOS,LAC,ATL,POR,LAC,PF/C,SF,SF,PG,PF,PF,C,PG,10300,3600,3100,3300,8600,7900,4300,8800,229.89,349.0,30,Oct272016
DeMarcus Cousins,Maurice Harkless,Thabo Sefolosha,Blake Griffin,Dwight Howard,Mason Plumlee,Tim Hardaway Jr.,Chris Paul,SAC,POR,ATL,LAC,ATL,POR,ATL,LAC,PF/C,SF,SF,PF,C,C,PG/SG,PG,10300,3600,3100,8600,7500,4300,3000,8800,222.8,349.0,31,Oct272016
DeMarcus Cousins,Maurice Harkless,Thabo Sefolosha,Paul Millsap,Kawhi Leonard,Mason Plumlee,Dwyane Wade,Avery Bradley,SAC,POR,ATL,ATL,SA,POR,CHI,BOS,PF/C,SF,SF,PF,SF/PF,C,SG,SG,10300,3600,3100,7900,8400,4300,6300,4900,247.61,348.75,32,Oct272016
DeMarcus Cousins,Maurice Harkless,Thabo Sefolosha,Paul Millsap,Kawhi Leonard,Mason Plumlee,Chris Paul,Jamal Crawford,SAC,POR,ATL,ATL,SA,POR,LAC,LAC,PF/C,SF,SF,PF,SF/PF,C,PG,SG,10300,3600,3100,7900,8400,4300,8800,3600,252.27,348.75,33,Oct272016
DeMarcus Cousins,Maurice Harkless,Thabo Sefolosha,Blake Griffin,Mason Plumlee,Dwyane Wade,Avery Bradley,Chris Paul,SAC,POR,ATL,LAC,POR,CHI,BOS,LAC,PF/C,SF,SF,PF,C,SG,SG,PG,10300,3600,3100,8600,4300,6300,4900,8800,244.36,348.75,34,Oct272016
DeMarcus Cousins,Maurice Harkless,Thabo Sefolosha,Isaiah Thomas,Blake Griffin,Kawhi Leonard,Mason Plumlee,Tim Hardaway Jr.,SAC,POR,ATL,BOS,LAC,SA,POR,ATL,PF/C,SF,SF,PG,PF,SF/PF,C,PG/SG,10300,3600,3100,7200,8600,8400,4300,3000,234.66,348.5,35,Oct272016
DeMarcus Cousins,Thabo Sefolosha,Blake Griffin,Kawhi Leonard,Mason Plumlee,Dewayne Dedmon,Dwyane Wade,Avery Bradley,SAC,ATL,LAC,SA,POR,SA,CHI,BOS,PF/C,SF,PF,SF/PF,C,C,SG,SG,10300,3100,8600,8400,4300,3000,6300,4900,246.82,348.5,36,Oct272016
DeMarcus Cousins,Maurice Harkless,Thabo Sefolosha,Blake Griffin,Mason Plumlee,Jimmy Butler,Dwyane Wade,Avery Bradley,SAC,POR,ATL,LAC,POR,CHI,CHI,BOS,PF/C,SF,SF,PF,C,SG/SF,SG,SG,10300,3600,3100,8600,4300,7400,6300,4900,242.68,348.25,37,Oct272016
DeMarcus Cousins,Thabo Sefolosha,Blake Griffin,Paul Millsap,Mason Plumlee,Dewayne Dedmon,Damian Lillard,Jamal Crawford,SAC,ATL,LAC,ATL,POR,SA,POR,LAC,PF/C,SF,PF,PF,C,C,PG,SG,10300,3100,8600,7900,4300,3000,9200,3600,242.27,348.25,38,Oct272016
DeMarcus Cousins,Thabo Sefolosha,Terry Rozier,Blake Griffin,Kawhi Leonard,Markieff Morris,Mason Plumlee,Dwyane Wade,SAC,ATL,BOS,LAC,SA,WAS,POR,CHI,PF/C,SF,PG,PF,SF/PF,SF/PF,C,SG,10300,3100,3300,8600,8400,5400,4300,6300,231.64,348.25,39,Oct272016
DeMarcus Cousins,Maurice Harkless,Thabo Sefolosha,Blake Griffin,Mason Plumlee,Jimmy Butler,Chris Paul,Jamal Crawford,SAC,POR,ATL,LAC,POR,CHI,LAC,LAC,PF/C,SF,SF,PF,C,SG/SF,PG,SG,10300,3600,3100,8600,4300,7400,8800,3600,247.34,348.25,40,Oct272016
DeMarcus Cousins,Thabo Sefolosha,Blake Griffin,Kawhi Leonard,Mason Plumlee,Dwyane Wade,Avery Bradley,Jamal Crawford,SAC,ATL,LAC,SA,POR,CHI,BOS,LAC,PF/C,SF,PF,SF/PF,C,SG,SG,SG,10300,3100,8600,8400,4300,6300,4900,3600,248.44,348.0,41,Oct272016
DeMarcus Cousins,Maurice Harkless,Thabo Sefolosha,Blake Griffin,Kawhi Leonard,Dewayne Dedmon,Damian Lillard,Tim Hardaway Jr.,SAC,POR,ATL,LAC,SA,SA,POR,ATL,PF/C,SF,SF,PF,SF/PF,C,PG,PG/SG,10300,3600,3100,8600,8400,3000,9200,3000,228.7,348.0,42,Oct272016
Maurice Harkless,Thabo Sefolosha,Blake Griffin,Paul Millsap,Kawhi Leonard,Mason Plumlee,Damian Lillard,Avery Bradley,POR,ATL,LAC,ATL,SA,POR,POR,BOS,SF,SF,PF,PF,SF/PF,C,PG,SG,3600,3100,8600,7900,8400,4300,9200,4900,258.06,348.0,43,Oct272016
DeMarcus Cousins,John Wall,Maurice Harkless,Thabo Sefolosha,Terry Rozier,Blake Griffin,Kawhi Leonard,Mason Plumlee,SAC,WAS,POR,ATL,BOS,LAC,SA,POR,PF/C,PG,SF,SF,PG,PF,SF/PF,C,10300,8200,3600,3100,3300,8600,8400,4300,233.17,348.0,44,Oct272016
DeMarcus Cousins,Thabo Sefolosha,Blake Griffin,David Lee,Kawhi Leonard,Mason Plumlee,Damian Lillard,Tim Hardaway Jr.,SAC,ATL,LAC,SA,SA,POR,POR,ATL,PF/C,SF,PF,PF,SF/PF,C,PG,PG/SG,10300,3100,8600,3100,8400,4300,9200,3000,226.51,348.0,45,Oct272016
DeMarcus Cousins,Maurice Harkless,Thabo Sefolosha,Taj Gibson,Blake Griffin,Dwight Howard,Damian Lillard,Jamal Crawford,SAC,POR,ATL,CHI,LAC,ATL,POR,LAC,PF/C,SF,SF,PF/C,PF,C,PG,SG,10300,3600,3100,4100,8600,7500,9200,3600,229.98,348.0,46,Oct272016
DeMarcus Cousins,Maurice Harkless,Blake Griffin,Kawhi Leonard,Markieff Morris,Mason Plumlee,Tim Hardaway Jr.,Dwyane Wade,SAC,POR,LAC,SA,WAS,POR,ATL,CHI,PF/C,SF,PF,SF/PF,SF/PF,C,PG/SG,SG,10300,3600,8600,8400,5400,4300,3000,6300,235.53,348.0,47,Oct272016
DeMarcus Cousins,Thabo Sefolosha,Taj Gibson,Blake Griffin,Kawhi Leonard,Mason Plumlee,Dwyane Wade,Jamal Crawford,SAC,ATL,CHI,LAC,SA,POR,CHI,LAC,PF/C,SF,PF/C,PF,SF/PF,C,SG,SG,10300,3100,4100,8600,8400,4300,6300,3600,240.45,348.0,48,Oct272016
DeMarcus Cousins,Maurice Harkless,Thabo Sefolosha,Terry Rozier,Blake Griffin,Kawhi Leonard,Mason Plumlee,Dwyane Wade,SAC,POR,ATL,BOS,LAC,SA,POR,CHI,PF/C,SF,SF,PG,PF,SF/PF,C,SG,10300,3600,3100,3300,8600,8400,4300,6300,219.2,347.75,49,Oct272016
DeMarcus Cousins,Maurice Harkless,Thabo Sefolosha,Ty Lawson,Blake Griffin,Paul Millsap,Mason Plumlee,Dwyane Wade,SAC,POR,ATL,SAC,LAC,ATL,POR,CHI,PF/C,SF,SF,PG,PF,PF,C,SG,10300,3600,3100,5600,8600,7900,4300,6300,233.59,347.75,50,Oct272016
DeMarcus Cousins,Thabo Sefolosha,Blake Griffin,Paul Millsap,Markieff Morris,Mason Plumlee,Tim Hardaway Jr.,Dwyane Wade,SAC,ATL,LAC,ATL,WAS,POR,ATL,CHI,PF/C,SF,PF,PF,SF/PF,C,PG/SG,SG,10300,3100,8600,7900,5400,4300,3000,6300,225.92,347.75,51,Oct272016
DeMarcus Cousins,John Wall,Maurice Harkless,Thabo Sefolosha,Blake Griffin,Paul Millsap,Mason Plumlee,Tim Hardaway Jr.,SAC,WAS,POR,ATL,LAC,ATL,POR,ATL,PF/C,PG,SF,SF,PF,PF,C,PG/SG,10300,8200,3600,3100,8600,7900,4300,3000,227.45,347.5,52,Oct272016
DeMarcus Cousins,Thabo Sefolosha,Blake Griffin,Kawhi Leonard,Markieff Morris,Dewayne Dedmon,Dwyane Wade,Avery Bradley,SAC,ATL,LAC,SA,WAS,SA,CHI,BOS,PF/C,SF,PF,SF/PF,SF/PF,C,SG,SG,10300,3100,8600,8400,5400,3000,6300,4900,248.68,347.5,53,Oct272016
DeMarcus Cousins,Maurice Harkless,Thabo Sefolosha,Kawhi Leonard,Dwight Howard,Mason Plumlee,Damian Lillard,Tim Hardaway Jr.,SAC,POR,ATL,SA,ATL,POR,POR,ATL,PF/C,SF,SF,SF/PF,C,C,PG,PG/SG,10300,3600,3100,8400,7500,4300,9200,3000,231.45,347.25,54,Oct272016
DeMarcus Cousins,Maurice Harkless,Thabo Sefolosha,Blake Griffin,Paul Millsap,Mason Plumlee,Tim Hardaway Jr.,Dwyane Wade,SAC,POR,ATL,LAC,ATL,POR,ATL,CHI,PF/C,SF,SF,PF,PF,C,PG/SG,SG,10300,3600,3100,8600,7900,4300,3000,6300,213.48,347.25,55,Oct272016
DeMarcus Cousins,Maurice Harkless,Thabo Sefolosha,Blake Griffin,Mason Plumlee,Damian Lillard,Dwyane Wade,Jamal Crawford,SAC,POR,ATL,LAC,POR,POR,CHI,LAC,PF/C,SF,SF,PF,C,PG,SG,SG,10300,3600,3100,8600,4300,9200,6300,3600,229.12,347.25,56,Oct272016
DeMarcus Cousins,Maurice Harkless,Thabo Sefolosha,Isaiah Thomas,Blake Griffin,Paul Millsap,Mason Plumlee,Jamal Crawford,SAC,POR,ATL,BOS,LAC,ATL,POR,LAC,PF/C,SF,SF,PG,PF,PF,C,SG,10300,3600,3100,7200,8600,7900,4300,3600,237.65,347.25,57,Oct272016
DeMarcus Cousins,Thabo Sefolosha,Blake Griffin,Paul Millsap,Dwight Howard,Dewayne Dedmon,Tim Hardaway Jr.,Dwyane Wade,SAC,ATL,LAC,ATL,ATL,SA,ATL,CHI,PF/C,SF,PF,PF,C,C,PG/SG,SG,10300,3100,8600,7900,7500,3000,3000,6300,221.26,347.25,58,Oct272016
DeMarcus Cousins,Maurice Harkless,Thabo Sefolosha,Blake Griffin,Kawhi Leonard,Mike Muscala,Damian Lillard,Jamal Crawford,SAC,POR,ATL,LAC,SA,ATL,POR,LAC,PF/C,SF,SF,PF,SF/PF,C,PG,SG,10300,3600,3100,8600,8400,3000,9200,3600,225.4,347.0,59,Oct272016
DeMarcus Cousins,Maurice Harkless,Thabo Sefolosha,Blake Griffin,Kawhi Leonard,Dewayne Dedmon,Dwyane Wade,Avery Bradley,SAC,POR,ATL,LAC,SA,SA,CHI,BOS,PF/C,SF,SF,PF,SF/PF,C,SG,SG,10300,3600,3100,8600,8400,3000,6300,4900,236.24,347.0,60,Oct272016
DeMarcus Cousins,Maurice Harkless,Thabo Sefolosha,Isaiah Thomas,Paul Millsap,Kawhi Leonard,Mason Plumlee,Avery Bradley,SAC,POR,ATL,BOS,ATL,SA,POR,BOS,PF/C,SF,SF,PG,PF,SF/PF,C,SG,10300,3600,3100,7200,7900,8400,4300,4900,261.54,347.0,61,Oct272016
DeMarcus Cousins,Maurice Harkless,Thabo Sefolosha,Paul Millsap,Kawhi Leonard,Mason Plumlee,Tim Hardaway Jr.,Chris Paul,SAC,POR,ATL,ATL,SA,POR,ATL,LAC,PF/C,SF,SF,PF,SF/PF,C,PG/SG,PG,10300,3600,3100,7900,8400,4300,3000,8800,242.03,347.0,62,Oct272016
DeMarcus Cousins,Thabo Sefolosha,Blake Griffin,Markieff Morris,Dwight Howard,Mason Plumlee,Dwyane Wade,Jamal Crawford,SAC,ATL,LAC,WAS,ATL,POR,CHI,LAC,PF/C,SF,PF,SF/PF,C,C,SG,SG,10300,3100,8600,5400,7500,4300,6300,3600,227.54,347.0,63,Oct272016
DeMarcus Cousins,Maurice Harkless,Thabo Sefolosha,Blake Griffin,Kawhi Leonard,Dewayne Dedmon,Chris Paul,Jamal Crawford,SAC,POR,ATL,LAC,SA,SA,LAC,LAC,PF/C,SF,SF,PF,SF/PF,C,PG,SG,10300,3600,3100,8600,8400,3000,8800,3600,240.9,347.0,64,Oct272016
DeMarcus Cousins,Thabo Sefolosha,Blake Griffin,David Lee,Kawhi Leonard,Mason Plumlee,Dwyane Wade,Avery Bradley,SAC,ATL,LAC,SA,SA,POR,CHI,BOS,PF/C,SF,PF,PF,SF/PF,C,SG,SG,10300,3100,8600,3100,8400,4300,6300,4900,234.05,347.0,65,Oct272016
DeMarcus Cousins,John Wall,Maurice Harkless,Thabo Sefolosha,Blake Griffin,Dwight Howard,Mason Plumlee,Jamal Crawford,SAC,WAS,POR,ATL,LAC,ATL,POR,LAC,PF/C,PG,SF,SF,PF,C,C,SG,10300,8200,3600,3100,8600,7500,4300,3600,229.07,346.75,66,Oct272016
DeMarcus Cousins,Maurice Harkless,Thabo Sefolosha,Terry Rozier,Blake Griffin,Mason Plumlee,Jimmy Butler,Damian Lillard,SAC,POR,ATL,BOS,LAC,POR,CHI,POR,PF/C,SF,SF,PG,PF,C,SG/SF,PG,10300,3600,3100,3300,8600,4300,7400,9200,233.61,346.75,67,Oct272016
DeMarcus Cousins,Maurice Harkless,Thabo Sefolosha,Blake Griffin,Paul Millsap,Dewayne Dedmon,Damian Lillard,Jamal Crawford,SAC,POR,ATL,LAC,ATL,SA,POR,LAC,PF/C,SF,SF,PF,PF,C,PG,SG,10300,3600,3100,8600,7900,3000,9200,3600,231.69,346.75,68,Oct272016
DeMarcus Cousins,Thabo Sefolosha,Blake Griffin,Kawhi Leonard,Mason Plumlee,Mike Muscala,Damian Lillard,Tim Hardaway Jr.,SAC,ATL,LAC,SA,POR,ATL,POR,ATL,PF/C,SF,PF,SF/PF,C,C,PG,PG/SG,10300,3100,8600,8400,4300,3000,9200,3000,225.74,346.75,69,Oct272016
DeMarcus Cousins,Thabo Sefolosha,Taj Gibson,Blake Griffin,Dwight Howard,Mason Plumlee,Dwyane Wade,Avery Bradley,SAC,ATL,CHI,LAC,ATL,POR,CHI,BOS,PF/C,SF,PF/C,PF,C,C,SG,SG,10300,3100,4100,8600,7500,4300,6300,4900,237.86,346.75,70,Oct272016
DeMarcus Cousins,Thabo Sefolosha,Blake Griffin,Kawhi Leonard,Mason Plumlee,Dewayne Dedmon,Tim Hardaway Jr.,Chris Paul,SAC,ATL,LAC,SA,POR,SA,ATL,LAC,PF/C,SF,PF,SF/PF,C,C,PG/SG,PG,10300,3100,8600,8400,4300,3000,3000,8800,241.24,346.75,71,Oct272016
DeMarcus Cousins,Thabo Sefolosha,Isaiah Thomas,Blake Griffin,Kawhi Leonard,Mason Plumlee,Dewayne Dedmon,Avery Bradley,SAC,ATL,BOS,LAC,SA,POR,SA,BOS,PF/C,SF,PG,PF,SF/PF,C,C,SG,10300,3100,7200,8600,8400,4300,3000,4900,260.75,346.75,72,Oct272016
DeMarcus Cousins,Maurice Harkless,Blake Griffin,Paul Millsap,Markieff Morris,Mason Plumlee,Dwyane Wade,Jamal Crawford,SAC,POR,LAC,ATL,WAS,POR,CHI,LAC,PF/C,SF,PF,PF,SF/PF,C,SG,SG,10300,3600,8600,7900,5400,4300,6300,3600,238.52,346.75,73,Oct272016
DeMarcus Cousins,Maurice Harkless,Thabo Sefolosha,Kawhi Leonard,Mason Plumlee,Jimmy Butler,Damian Lillard,Jamal Crawford,SAC,POR,ATL,SA,POR,CHI,POR,LAC,PF/C,SF,SF,SF/PF,C,SG/SF,PG,SG,10300,3600,3100,8400,4300,7400,9200,3600,255.99,346.5,74,Oct272016
DeMarcus Cousins,Maurice Harkless,Thabo Sefolosha,Blake Griffin,Dwight Howard,Mason Plumlee,Dwyane Wade,Jamal Crawford,SAC,POR,ATL,LAC,ATL,POR,CHI,LAC,PF/C,SF,SF,PF,C,C,SG,SG,10300,3600,3100,8600,7500,4300,6300,3600,215.1,346.5,75,Oct272016
DeMarcus Cousins,Maurice Harkless,Thabo Sefolosha,Isaiah Thomas,Blake Griffin,Mason Plumlee,Jimmy Butler,Avery Bradley,SAC,POR,ATL,BOS,LAC,POR,CHI,BOS,PF/C,SF,SF,PG,PF,C,SG/SF,SG,10300,3600,3100,7200,8600,4300,7400,4900,256.61,346.5,76,Oct272016
DeMarcus Cousins,John Wall,Thabo Sefolosha,Taj Gibson,Blake Griffin,Kawhi Leonard,Mason Plumlee,Tim Hardaway Jr.,SAC,WAS,ATL,CHI,LAC,SA,POR,ATL,PF/C,PG,SF,PF/C,PF,SF/PF,C,PG/SG,10300,8200,3100,4100,8600,8400,4300,3000,244.18,346.5,77,Oct272016
DeMarcus Cousins,Maurice Harkless,Taj Gibson,Blake Griffin,Paul Millsap,Mason Plumlee,Dwyane Wade,Avery Bradley,SAC,POR,CHI,LAC,ATL,POR,CHI,BOS,PF/C,SF,PF/C,PF,PF,C,SG,SG,10300,3600,4100,8600,7900,4300,6300,4900,248.84,346.5,78,Oct272016
DeMarcus Cousins,Rudy Gay,Thabo Sefolosha,Blake Griffin,Kawhi Leonard,Mason Plumlee,Tim Hardaway Jr.,Dwyane Wade,SAC,SAC,ATL,LAC,SA,POR,ATL,CHI,PF/C,SF,SF,PF,SF/PF,C,PG/SG,SG,10300,5900,3100,8600,8400,4300,3000,6300,231.79,346.5,79,Oct272016
DeMarcus Cousins,Maurice Harkless,Thabo Sefolosha,Terry Rozier,Blake Griffin,Dwight Howard,Mason Plumlee,Chris Paul,SAC,POR,ATL,BOS,LAC,ATL,POR,LAC,PF/C,SF,SF,PG,PF,C,C,PG,10300,3600,3100,3300,8600,7500,4300,8800,221.27,346.5,80,Oct272016
DeMarcus Cousins,Thabo Sefolosha,Blake Griffin,Paul Millsap,Mason Plumlee,Dewayne Dedmon,Damian Lillard,Tim Hardaway Jr.,SAC,ATL,LAC,ATL,POR,SA,POR,ATL,PF/C,SF,PF,PF,C,C,PG,PG/SG,10300,3100,8600,7900,4300,3000,9200,3000,232.03,346.5,81,Oct272016
DeMarcus Cousins,Maurice Harkless,Thabo Sefolosha,Blake Griffin,Mason Plumlee,Jimmy Butler,Tim Hardaway Jr.,Chris Paul,SAC,POR,ATL,LAC,POR,CHI,ATL,LAC,PF/C,SF,SF,PF,C,SG/SF,PG/SG,PG,10300,3600,3100,8600,4300,7400,3000,8800,237.1,346.5,82,Oct272016
DeMarcus Cousins,Thabo Sefolosha,Blake Griffin,Kawhi Leonard,Mason Plumlee,Tim Hardaway Jr.,Dwyane Wade,Avery Bradley,SAC,ATL,LAC,SA,POR,ATL,CHI,BOS,PF/C,SF,PF,SF/PF,C,PG/SG,SG,SG,10300,3100,8600,8400,4300,3000,6300,4900,238.2,346.25,83,Oct272016
DeMarcus Cousins,Maurice Harkless,Thabo Sefolosha,Kawhi Leonard,Dwight Howard,Mason Plumlee,Chris Paul,Jamal Crawford,SAC,POR,ATL,SA,ATL,POR,LAC,LAC,PF/C,SF,SF,SF/PF,C,C,PG,SG,10300,3600,3100,8400,7500,4300,8800,3600,243.65,346.25,84,Oct272016
DeMarcus Cousins,Maurice Harkless,Thabo Sefolosha,Kawhi Leonard,Dwight Howard,Mason Plumlee,Dwyane Wade,Avery Bradley,SAC,POR,ATL,SA,ATL,POR,CHI,BOS,PF/C,SF,SF,SF/PF,C,C,SG,SG,10300,3600,3100,8400,7500,4300,6300,4900,238.99,346.25,85,Oct272016
DeMarcus Cousins,Maurice Harkless,Thabo Sefolosha,Taj Gibson,Blake Griffin,Dwight Howard,Damian Lillard,Tim Hardaway Jr.,SAC,POR,ATL,CHI,LAC,ATL,POR,ATL,PF/C,SF,SF,PF/C,PF,C,PG,PG/SG,10300,3600,3100,4100,8600,7500,9200,3000,219.74,346.25,86,Oct272016
DeMarcus Cousins,Thabo Sefolosha,Taj Gibson,Blake Griffin,Kawhi Leonard,Mason Plumlee,Tim Hardaway Jr.,Dwyane Wade,SAC,ATL,CHI,LAC,SA,POR,ATL,CHI,PF/C,SF,PF/C,PF,SF/PF,C,PG/SG,SG,10300,3100,4100,8600,8400,4300,3000,6300,230.21,346.25,87,Oct272016
DeMarcus Cousins,Thabo Sefolosha,Isaiah Thomas,Taj Gibson,Blake Griffin,Kawhi Leonard,Mason Plumlee,Jamal Crawford,SAC,ATL,BOS,CHI,LAC,SA,POR,LAC,PF/C,SF,PG,PF/C,PF,SF/PF,C,SG,10300,3100,7200,4100,8600,8400,4300,3600,254.38,346.25,88,Oct272016
DeMarcus Cousins,Maurice Harkless,Thabo Sefolosha,Blake Griffin,Markieff Morris,Mason Plumlee,Avery Bradley,Chris Paul,SAC,POR,ATL,LAC,WAS,POR,BOS,LAC,PF/C,SF,SF,PF,SF/PF,C,SG,PG,10300,3600,3100,8600,5400,4300,4900,8800,242.97,346.25,89,Oct272016
DeMarcus Cousins,Maurice Harkless,Thabo Sefolosha,Isaiah Thomas,Terry Rozier,Blake Griffin,Kawhi Leonard,Mason Plumlee,SAC,POR,ATL,BOS,BOS,LAC,SA,POR,PF/C,SF,SF,PG,PG,PF,SF/PF,C,10300,3600,3100,7200,3300,8600,8400,4300,233.13,346.0,90,Oct272016
Thabo Sefolosha,Blake Griffin,Paul Millsap,Kawhi Leonard,Dwight Howard,Mason Plumlee,Dwyane Wade,Jamal Crawford,ATL,LAC,ATL,SA,ATL,POR,CHI,LAC,SF,PF,PF,SF/PF,C,C,SG,SG,3100,8600,7900,8400,7500,4300,6300,3600,244.59,346.0,91,Oct272016
DeMarcus Cousins,Maurice Harkless,Thabo Sefolosha,Paul Millsap,Dwight Howard,Mason Plumlee,Damian Lillard,Jamal Crawford,SAC,POR,ATL,ATL,ATL,POR,POR,LAC,PF/C,SF,SF,PF,C,C,PG,SG,10300,3600,3100,7900,7500,4300,9200,3600,234.44,346.0,92,Oct272016
DeMarcus Cousins,Thabo Sefolosha,Blake Griffin,Paul Millsap,Mason Plumlee,Damian Lillard,Tim Hardaway Jr.,Jamal Crawford,SAC,ATL,LAC,ATL,POR,POR,ATL,LAC,PF/C,SF,PF,PF,C,PG,PG/SG,SG,10300,3100,8600,7900,4300,9200,3000,3600,233.65,346.0,93,Oct272016
DeMarcus Cousins,Thabo Sefolosha,Isaiah Thomas,Blake Griffin,Paul Millsap,Markieff Morris,Mason Plumlee,Tim Hardaway Jr.,SAC,ATL,BOS,LAC,ATL,WAS,POR,ATL,PF/C,SF,PG,PF,PF,SF/PF,C,PG/SG,10300,3100,7200,8600,7900,5400,4300,3000,239.85,346.0,94,Oct272016
DeMarcus Cousins,Maurice Harkless,Thabo Sefolosha,Blake Griffin,Dwight Howard,Dewayne Dedmon,Avery Bradley,Chris Paul,SAC,POR,ATL,LAC,ATL,SA,BOS,LAC,PF/C,SF,SF,PF,C,C,SG,PG,10300,3600,3100,8600,7500,3000,4900,8800,238.31,345.75,95,Oct272016
DeMarcus Cousins,Thabo Sefolosha,Blake Griffin,Kawhi Leonard,Mason Plumlee,Mike Muscala,Dwyane Wade,Avery Bradley,SAC,ATL,LAC,SA,POR,ATL,CHI,BOS,PF/C,SF,PF,SF/PF,C,C,SG,SG,10300,3100,8600,8400,4300,3000,6300,4900,233.28,345.75,96,Oct272016
DeMarcus Cousins,Maurice Harkless,Thabo Sefolosha,Blake Griffin,Kawhi Leonard,Mason Plumlee,C.J. McCollum,Avery Bradley,SAC,POR,ATL,LAC,SA,POR,POR,BOS,PF/C,SF,SF,PF,SF/PF,C,PG/SG,SG,10300,3600,3100,8600,8400,4300,6800,4900,245.74,345.75,97,Oct272016
DeMarcus Cousins,Maurice Harkless,Blake Griffin,Kawhi Leonard,Mason Plumlee,Dewayne Dedmon,Dwyane Wade,Avery Bradley,SAC,POR,LAC,SA,POR,SA,CHI,BOS,PF/C,SF,PF,SF/PF,C,C,SG,SG,10300,3600,8600,8400,4300,3000,6300,4900,249.18,345.75,98,Oct272016
DeMarcus Cousins,Thabo Sefolosha,Blake Griffin,Paul Millsap,David Lee,Dwight Howard,Tim Hardaway Jr.,Dwyane Wade,SAC,ATL,LAC,ATL,SA,ATL,ATL,CHI,PF/C,SF,PF,PF,PF,C,PG/SG,SG,10300,3100,8600,7900,3100,7500,3000,6300,208.49,345.75,99,Oct272016
DeMarcus Cousins,Maurice Harkless,Thabo Sefolosha,Blake Griffin,Kawhi Leonard,Mason Plumlee,Dwyane Wade,Manu Ginobili,SAC,POR,ATL,LAC,SA,POR,CHI,SA,PF/C,SF,SF,PF,SF/PF,C,SG,SG,10300,3600,3100,8600,8400,4300,6300,3900,225.86,345.5,100,Oct272016
