Player1,Player2,Player3,Player4,Player5,Player6,Player7,Player8,Team1,Team2,Team3,Team4,Team5,Team6,Team7,Team8,Pos1,Pos2,Pos3,Pos4,Pos5,Pos6,Pos7,Pos8,Salary1,Salary2,Salary3,Salary4,Salary5,Salary6,Salary7,Salary8,Projected Value,Actual Scored,Iteration,date
Russell Westbrook,Lance Stephenson,Jeremy Lin,Tristan Thompson,Tim Frazier,Andre Roberson,Anthony Davis,T.J. Warren,OKC,NO,BKN,CLE,NO,OKC,NO,PHO,PG,SF,PG,C,PG,SG/SF,PF/C,SF,11800,3000,6000,4700,5400,3500,10900,4400,260.48,404.75,1,Oct282016
Russell Westbrook,Lance Stephenson,Aron Baynes,Sean Kilpatrick,Andre Roberson,Anthony Davis,Kevin Durant,T.J. Warren,OKC,NO,DET,BKN,OKC,NO,GS,PHO,PG,SF,C,SG,SG/SF,PF/C,SF/PF,SF,11800,3000,3000,3600,3500,10900,9600,4400,268.55,402.25,2,Oct282016
Russell Westbrook,Lance Stephenson,Jeremy Lin,Zaza Pachulia,Tim Frazier,Andre Roberson,Anthony Davis,T.J. Warren,OKC,NO,BKN,GS,NO,OKC,NO,PHO,PG,SF,PG,C,PG,SG/SF,PF/C,SF,11800,3000,6000,3800,5400,3500,10900,4400,261.78,402.0,3,Oct282016
Russell Westbrook,Lance Stephenson,Andre Drummond,Tim Frazier,Andre Roberson,Anthony Davis,Dante Cunningham,T.J. Warren,OKC,NO,DET,NO,OKC,NO,NO,PHO,PG,SF,C,PG,SG/SF,PF/C,SF/PF,SF,11800,3000,7900,5400,3500,10900,3000,4400,259.81,402.0,4,Oct282016
Russell Westbrook,Lance Stephenson,Jeremy Lin,Rudy Gobert,Andre Roberson,Anthony Davis,Dante Cunningham,T.J. Warren,OKC,NO,BKN,UTA,OKC,NO,NO,PHO,PG,SF,PG,C,SG/SF,PF/C,SF/PF,SF,11800,3000,6000,7300,3500,10900,3000,4400,245.58,402.0,5,Oct282016
Russell Westbrook,Jeremy Lin,Tristan Thompson,Tim Frazier,Andre Roberson,Anthony Davis,Dante Cunningham,T.J. Warren,OKC,BKN,CLE,NO,OKC,NO,NO,PHO,PG,PG,C,PG,SG/SF,PF/C,SF/PF,SF,11800,6000,4700,5400,3500,10900,3000,4400,248.53,401.75,6,Oct282016
Russell Westbrook,Jeremy Lin,Tristan Thompson,Tim Frazier,Andre Roberson,Jeremy Lamb,Anthony Davis,T.J. Warren,OKC,BKN,CLE,NO,OKC,CHA,NO,PHO,PG,PG,C,PG,SG/SF,SG/SF,PF/C,SF,11800,6000,4700,5400,3500,3000,10900,4400,251.18,401.25,7,Oct282016
Russell Westbrook,Lance Stephenson,Andre Drummond,Jeremy Lin,Jeremy Lamb,Anthony Davis,Dante Cunningham,T.J. Warren,OKC,NO,DET,BKN,CHA,NO,NO,PHO,PG,SF,C,PG,SG/SF,PF/C,SF/PF,SF,11800,3000,7900,6000,3000,10900,3000,4400,240.67,400.5,8,Oct282016
Russell Westbrook,Lance Stephenson,Zaza Pachulia,Tim Frazier,DeMar DeRozan,Andre Roberson,Anthony Davis,T.J. Warren,OKC,NO,GS,NO,TOR,OKC,NO,PHO,PG,SF,C,PG,SG,SG/SF,PF/C,SF,11800,3000,3800,5400,7200,3500,10900,4400,268.71,400.5,9,Oct282016
Russell Westbrook,Lance Stephenson,Jeremy Lin,Tristan Thompson,Tim Frazier,Anthony Davis,Dante Cunningham,T.J. Warren,OKC,NO,BKN,CLE,NO,NO,NO,PHO,PG,SF,PG,C,PG,PF/C,SF/PF,SF,11800,3000,6000,4700,5400,10900,3000,4400,246.9,400.0,10,Oct282016
Russell Westbrook,Lance Stephenson,Jeremy Lin,Tristan Thompson,Tim Frazier,Jeremy Lamb,Anthony Davis,T.J. Warren,OKC,NO,BKN,CLE,NO,CHA,NO,PHO,PG,SF,PG,C,PG,SG/SF,PF/C,SF,11800,3000,6000,4700,5400,3000,10900,4400,249.55,399.5,11,Oct282016
Russell Westbrook,Lance Stephenson,Jeremy Lin,Rudy Gobert,Andre Roberson,Anthony Davis,Spencer Hawes,T.J. Warren,OKC,NO,BKN,UTA,OKC,NO,CHA,PHO,PG,SF,PG,C,SG/SF,PF/C,PF/C,SF,11800,3000,6000,7300,3500,10900,3000,4400,251.85,399.25,12,Oct282016
Russell Westbrook,Lance Stephenson,Jeremy Lin,Tristan Thompson,Thaddeus Young,Andre Roberson,Anthony Davis,T.J. Warren,OKC,NO,BKN,CLE,IND,OKC,NO,PHO,PG,SF,PG,C,PF,SG/SF,PF/C,SF,11800,3000,6000,4700,5700,3500,10900,4400,255.21,399.25,13,Oct282016
Russell Westbrook,Aron Baynes,Sean Kilpatrick,Andre Roberson,Anthony Davis,Kevin Durant,Dante Cunningham,T.J. Warren,OKC,DET,BKN,OKC,NO,GS,NO,PHO,PG,C,SG,SG/SF,PF/C,SF/PF,SF/PF,SF,11800,3000,3600,3500,10900,9600,3000,4400,256.6,399.25,14,Oct282016
Russell Westbrook,Lance Stephenson,Andre Drummond,Tim Frazier,Andre Roberson,Anthony Davis,Spencer Hawes,T.J. Warren,OKC,NO,DET,NO,OKC,NO,CHA,PHO,PG,SF,C,PG,SG/SF,PF/C,PF/C,SF,11800,3000,7900,5400,3500,10900,3000,4400,266.08,399.25,15,Oct282016
Russell Westbrook,Jeremy Lin,Zaza Pachulia,Tim Frazier,Andre Roberson,Anthony Davis,Dante Cunningham,T.J. Warren,OKC,BKN,GS,NO,OKC,NO,NO,PHO,PG,PG,C,PG,SG/SF,PF/C,SF/PF,SF,11800,6000,3800,5400,3500,10900,3000,4400,249.83,399.0,16,Oct282016
Russell Westbrook,Jeremy Lin,Tristan Thompson,Tim Frazier,Andre Roberson,Anthony Davis,Spencer Hawes,T.J. Warren,OKC,BKN,CLE,NO,OKC,NO,CHA,PHO,PG,PG,C,PG,SG/SF,PF/C,PF/C,SF,11800,6000,4700,5400,3500,10900,3000,4400,254.8,399.0,17,Oct282016
Russell Westbrook,Lance Stephenson,Jeremy Lin,Zaza Pachulia,Klay Thompson,Andre Roberson,Anthony Davis,T.J. Warren,OKC,NO,BKN,GS,GS,OKC,NO,PHO,PG,SF,PG,C,SG,SG/SF,PF/C,SF,11800,3000,6000,3800,6500,3500,10900,4400,258.1,399.0,18,Oct282016
Russell Westbrook,Lance Stephenson,Jeremy Lin,Timofey Mozgov,Tim Frazier,Andre Roberson,Anthony Davis,T.J. Warren,OKC,NO,BKN,LAL,NO,OKC,NO,PHO,PG,SF,PG,C,PG,SG/SF,PF/C,SF,11800,3000,6000,4400,5400,3500,10900,4400,262.9,398.75,19,Oct282016
Russell Westbrook,Lance Stephenson,Tarik Black,Sean Kilpatrick,Andre Roberson,Anthony Davis,Kevin Durant,T.J. Warren,OKC,NO,LAL,BKN,OKC,NO,GS,PHO,PG,SF,C,SG,SG/SF,PF/C,SF/PF,SF,11800,3000,3000,3600,3500,10900,9600,4400,266.43,398.75,20,Oct282016
Russell Westbrook,Aron Baynes,Sean Kilpatrick,Andre Roberson,Jeremy Lamb,Anthony Davis,Kevin Durant,T.J. Warren,OKC,DET,BKN,OKC,CHA,NO,GS,PHO,PG,C,SG,SG/SF,SG/SF,PF/C,SF/PF,SF,11800,3000,3600,3500,3000,10900,9600,4400,259.25,398.75,21,Oct282016
Russell Westbrook,Lance Stephenson,Jeremy Lin,Aron Baynes,DeMar DeRozan,Andre Roberson,Anthony Davis,T.J. Warren,OKC,NO,BKN,DET,TOR,OKC,NO,PHO,PG,SF,PG,C,SG,SG/SF,PF/C,SF,11800,3000,6000,3000,7200,3500,10900,4400,257.34,398.75,22,Oct282016
Russell Westbrook,Lance Stephenson,Jeremy Lin,Tristan Thompson,Tim Frazier,Sean Kilpatrick,Anthony Davis,T.J. Warren,OKC,NO,BKN,CLE,NO,BKN,NO,PHO,PG,SF,PG,C,PG,SG,PF/C,SF,11800,3000,6000,4700,5400,3600,10900,4400,261.11,398.75,23,Oct282016
Russell Westbrook,Jeremy Lin,Zaza Pachulia,Tim Frazier,Andre Roberson,Jeremy Lamb,Anthony Davis,T.J. Warren,OKC,BKN,GS,NO,OKC,CHA,NO,PHO,PG,PG,C,PG,SG/SF,SG/SF,PF/C,SF,11800,6000,3800,5400,3500,3000,10900,4400,252.48,398.5,24,Oct282016
Russell Westbrook,Jeremy Lin,Rudy Gobert,Andre Roberson,Jeremy Lamb,Anthony Davis,Dante Cunningham,T.J. Warren,OKC,BKN,UTA,OKC,CHA,NO,NO,PHO,PG,PG,C,SG/SF,SG/SF,PF/C,SF/PF,SF,11800,6000,7300,3500,3000,10900,3000,4400,236.28,398.5,25,Oct282016
Russell Westbrook,Jeremy Lin,Aron Baynes,Tim Frazier,Andre Roberson,Anthony Davis,Luol Deng,T.J. Warren,OKC,BKN,DET,NO,OKC,NO,LAL,PHO,PG,PG,C,PG,SG/SF,PF/C,SF,SF,11800,6000,3000,5400,3500,10900,4800,4400,261.38,398.5,26,Oct282016
Russell Westbrook,Andre Drummond,Tim Frazier,Andre Roberson,Jeremy Lamb,Anthony Davis,Dante Cunningham,T.J. Warren,OKC,DET,NO,OKC,CHA,NO,NO,PHO,PG,C,PG,SG/SF,SG/SF,PF/C,SF/PF,SF,11800,7900,5400,3500,3000,10900,3000,4400,250.51,398.5,27,Oct282016
Russell Westbrook,Lance Stephenson,Andre Drummond,Jeremy Lin,Anthony Davis,Spencer Hawes,Dante Cunningham,T.J. Warren,OKC,NO,DET,BKN,NO,CHA,NO,PHO,PG,SF,C,PG,PF/C,PF/C,SF/PF,SF,11800,3000,7900,6000,10900,3000,3000,4400,244.29,398.25,28,Oct282016
Russell Westbrook,Lance Stephenson,Jeremy Lin,Aron Baynes,Tim Frazier,Anthony Davis,Trevor Ariza,T.J. Warren,OKC,NO,BKN,DET,NO,NO,HOU,PHO,PG,SF,PG,C,PG,PF/C,SF,SF,11800,3000,6000,3000,5400,10900,5500,4400,266.99,398.25,29,Oct282016
Russell Westbrook,Lance Stephenson,Rudy Gobert,Tim Frazier,Andre Roberson,Anthony Davis,Dante Cunningham,T.J. Warren,OKC,NO,UTA,NO,OKC,NO,NO,PHO,PG,SF,C,PG,SG/SF,PF/C,SF/PF,SF,11800,3000,7300,5400,3500,10900,3000,4400,253.79,398.25,30,Oct282016
Russell Westbrook,Jeremy Lin,Zaza Pachulia,Tim Frazier,Sean Kilpatrick,Andre Roberson,Anthony Davis,T.J. Warren,OKC,BKN,GS,NO,BKN,OKC,NO,PHO,PG,PG,C,PG,SG,SG/SF,PF/C,SF,11800,6000,3800,5400,3600,3500,10900,4400,264.04,397.75,31,Oct282016
Russell Westbrook,Lance Stephenson,Zaza Pachulia,Beno Udrih,Anthony Davis,Kevin Durant,Dante Cunningham,T.J. Warren,OKC,NO,GS,DET,NO,GS,NO,PHO,PG,SF,C,PG,PF/C,SF/PF,SF/PF,SF,11800,3000,3800,3300,10900,9600,3000,4400,246.36,397.75,32,Oct282016
Russell Westbrook,Lance Stephenson,Jakob Poeltl,Sean Kilpatrick,Andre Roberson,Anthony Davis,Kevin Durant,T.J. Warren,OKC,NO,TOR,BKN,OKC,NO,GS,PHO,PG,SF,C,SG,SG/SF,PF/C,SF/PF,SF,11800,3000,3000,3600,3500,10900,9600,4400,259.0,397.75,33,Oct282016
Russell Westbrook,Lance Stephenson,Andre Drummond,Jeremy Lin,Jeremy Lamb,Anthony Davis,Spencer Hawes,T.J. Warren,OKC,NO,DET,BKN,CHA,NO,CHA,PHO,PG,SF,C,PG,SG/SF,PF/C,PF/C,SF,11800,3000,7900,6000,3000,10900,3000,4400,246.94,397.75,34,Oct282016
Russell Westbrook,Lance Stephenson,Aron Baynes,Lou Williams,Anthony Davis,Kevin Durant,Dante Cunningham,T.J. Warren,OKC,NO,DET,LAL,NO,GS,NO,PHO,PG,SF,C,SG,PF/C,SF/PF,SF/PF,SF,11800,3000,3000,4300,10900,9600,3000,4400,251.93,397.75,35,Oct282016
Russell Westbrook,Zaza Pachulia,Tim Frazier,DeMar DeRozan,Andre Roberson,Anthony Davis,Dante Cunningham,T.J. Warren,OKC,GS,NO,TOR,OKC,NO,NO,PHO,PG,C,PG,SG,SG/SF,PF/C,SF/PF,SF,11800,3800,5400,7200,3500,10900,3000,4400,256.76,397.5,36,Oct282016
Russell Westbrook,Lance Stephenson,Aron Baynes,Sean Kilpatrick,Anthony Davis,Kevin Durant,Dante Cunningham,T.J. Warren,OKC,NO,DET,BKN,NO,GS,NO,PHO,PG,SF,C,SG,PF/C,SF/PF,SF/PF,SF,11800,3000,3000,3600,10900,9600,3000,4400,254.97,397.5,37,Oct282016
Russell Westbrook,Lance Stephenson,Justin Hamilton,Sean Kilpatrick,Anthony Davis,Kevin Durant,Dante Cunningham,T.J. Warren,OKC,NO,BKN,BKN,NO,GS,NO,PHO,PG,SF,C,SG,PF/C,SF/PF,SF/PF,SF,11800,3000,3500,3600,10900,9600,3000,4400,266.13,397.5,38,Oct282016
Russell Westbrook,Jeremy Lin,Zaza Pachulia,Tim Frazier,Dion Waiters,Andre Roberson,Anthony Davis,T.J. Warren,OKC,BKN,GS,NO,MIA,OKC,NO,PHO,PG,PG,C,PG,SG,SG/SF,PF/C,SF,11800,6000,3800,5400,4100,3500,10900,4400,266.8,397.25,39,Oct282016
Russell Westbrook,Lance Stephenson,Jeremy Lin,Zaza Pachulia,Tim Frazier,Anthony Davis,Dante Cunningham,T.J. Warren,OKC,NO,BKN,GS,NO,NO,NO,PHO,PG,SF,PG,C,PG,PF/C,SF/PF,SF,11800,3000,6000,3800,5400,10900,3000,4400,248.2,397.25,40,Oct282016
Russell Westbrook,Lance Stephenson,Jeremy Lin,Tristan Thompson,Tim Frazier,Anthony Davis,Spencer Hawes,T.J. Warren,OKC,NO,BKN,CLE,NO,NO,CHA,PHO,PG,SF,PG,C,PG,PF/C,PF/C,SF,11800,3000,6000,4700,5400,10900,3000,4400,253.17,397.25,41,Oct282016
Russell Westbrook,Lance Stephenson,Jeremy Lin,Tristan Thompson,Anthony Davis,Dante Cunningham,Harrison Barnes,T.J. Warren,OKC,NO,BKN,CLE,NO,NO,DAL,PHO,PG,SF,PG,C,PF/C,SF/PF,SF,SF,11800,3000,6000,4700,10900,3000,5900,4400,237.19,397.25,42,Oct282016
Russell Westbrook,Lance Stephenson,Zaza Pachulia,Beno Udrih,Jeremy Lamb,Anthony Davis,Kevin Durant,T.J. Warren,OKC,NO,GS,DET,CHA,NO,GS,PHO,PG,SF,C,PG,SG/SF,PF/C,SF/PF,SF,11800,3000,3800,3300,3000,10900,9600,4400,249.01,397.25,43,Oct282016
Russell Westbrook,Lance Stephenson,Aron Baynes,Lou Williams,Jeremy Lamb,Anthony Davis,Kevin Durant,T.J. Warren,OKC,NO,DET,LAL,CHA,NO,GS,PHO,PG,SF,C,SG,SG/SF,PF/C,SF/PF,SF,11800,3000,3000,4300,3000,10900,9600,4400,254.58,397.25,44,Oct282016
Russell Westbrook,Zaza Pachulia,Tim Frazier,DeMar DeRozan,Andre Roberson,Jeremy Lamb,Anthony Davis,T.J. Warren,OKC,GS,NO,TOR,OKC,CHA,NO,PHO,PG,C,PG,SG,SG/SF,SG/SF,PF/C,SF,11800,3800,5400,7200,3500,3000,10900,4400,259.41,397.0,45,Oct282016
Russell Westbrook,Lance Stephenson,Justin Hamilton,Beno Udrih,Andre Roberson,Anthony Davis,Kevin Durant,T.J. Warren,OKC,NO,BKN,DET,OKC,NO,GS,PHO,PG,SF,C,PG,SG/SF,PF/C,SF/PF,SF,11800,3000,3500,3300,3500,10900,9600,4400,267.94,397.0,46,Oct282016
Russell Westbrook,Lance Stephenson,Aron Baynes,Sean Kilpatrick,Jeremy Lamb,Anthony Davis,Kevin Durant,T.J. Warren,OKC,NO,DET,BKN,CHA,NO,GS,PHO,PG,SF,C,SG,SG/SF,PF/C,SF/PF,SF,11800,3000,3000,3600,3000,10900,9600,4400,257.62,397.0,47,Oct282016
Russell Westbrook,Jeremy Lin,Tristan Thompson,Tim Frazier,Jon Leuer,Andre Roberson,Anthony Davis,T.J. Warren,OKC,BKN,CLE,NO,DET,OKC,NO,PHO,PG,PG,C,PG,PF,SG/SF,PF/C,SF,11800,6000,4700,5400,3300,3500,10900,4400,260.28,397.0,48,Oct282016
Russell Westbrook,Lance Stephenson,Jeremy Lin,Cody Zeller,Tim Frazier,Andre Roberson,Anthony Davis,T.J. Warren,OKC,NO,BKN,CHA,NO,OKC,NO,PHO,PG,SF,PG,C,PG,SG/SF,PF/C,SF,11800,3000,6000,4100,5400,3500,10900,4400,262.16,397.0,49,Oct282016
Russell Westbrook,Lance Stephenson,Jeremy Lin,Zaza Pachulia,Tim Frazier,Trevor Booker,Anthony Davis,T.J. Warren,OKC,NO,BKN,GS,NO,BKN,NO,PHO,PG,SF,PG,C,PG,PF,PF/C,SF,11800,3000,6000,3800,5400,4300,10900,4400,264.14,397.0,50,Oct282016
Russell Westbrook,Lance Stephenson,Aron Baynes,Dion Waiters,Anthony Davis,Kevin Durant,Dante Cunningham,T.J. Warren,OKC,NO,DET,MIA,NO,GS,NO,PHO,PG,SF,C,SG,PF/C,SF/PF,SF/PF,SF,11800,3000,3000,4100,10900,9600,3000,4400,257.73,397.0,51,Oct282016
Russell Westbrook,Lance Stephenson,Aron Baynes,Beno Udrih,Andre Roberson,Anthony Davis,Kevin Durant,T.J. Warren,OKC,NO,DET,DET,OKC,NO,GS,PHO,PG,SF,C,PG,SG/SF,PF/C,SF/PF,SF,11800,3000,3000,3300,3500,10900,9600,4400,256.78,397.0,52,Oct282016
Russell Westbrook,Lance Stephenson,Rudy Gobert,Tim Frazier,Sean Kilpatrick,Andre Roberson,Anthony Davis,T.J. Warren,OKC,NO,UTA,NO,BKN,OKC,NO,PHO,PG,SF,C,PG,SG,SG/SF,PF/C,SF,11800,3000,7300,5400,3600,3500,10900,4400,268.0,397.0,53,Oct282016
Russell Westbrook,Lance Stephenson,Justin Hamilton,Sean Kilpatrick,Jeremy Lamb,Anthony Davis,Kevin Durant,T.J. Warren,OKC,NO,BKN,BKN,CHA,NO,GS,PHO,PG,SF,C,SG,SG/SF,PF/C,SF/PF,SF,11800,3000,3500,3600,3000,10900,9600,4400,268.78,397.0,54,Oct282016
Russell Westbrook,Lance Stephenson,Jeremy Lin,Rudy Gobert,Jeremy Lamb,Anthony Davis,Dante Cunningham,T.J. Warren,OKC,NO,BKN,UTA,CHA,NO,NO,PHO,PG,SF,PG,C,SG/SF,PF/C,SF/PF,SF,11800,3000,6000,7300,3000,10900,3000,4400,234.65,396.75,55,Oct282016
Russell Westbrook,Lance Stephenson,Jeremy Lin,Zaza Pachulia,Tim Frazier,Jeremy Lamb,Anthony Davis,T.J. Warren,OKC,NO,BKN,GS,NO,CHA,NO,PHO,PG,SF,PG,C,PG,SG/SF,PF/C,SF,11800,3000,6000,3800,5400,3000,10900,4400,250.85,396.75,56,Oct282016
Russell Westbrook,Lance Stephenson,Andre Drummond,Tim Frazier,Jeremy Lamb,Anthony Davis,Dante Cunningham,T.J. Warren,OKC,NO,DET,NO,CHA,NO,NO,PHO,PG,SF,C,PG,SG/SF,PF/C,SF/PF,SF,11800,3000,7900,5400,3000,10900,3000,4400,248.88,396.75,57,Oct282016
Russell Westbrook,Lance Stephenson,Jeremy Lin,Aron Baynes,Tim Frazier,Anthony Davis,Luol Deng,T.J. Warren,OKC,NO,BKN,DET,NO,NO,LAL,PHO,PG,SF,PG,C,PG,PF/C,SF,SF,11800,3000,6000,3000,5400,10900,4800,4400,259.75,396.75,58,Oct282016
Russell Westbrook,Lance Stephenson,Jeremy Lin,Justin Hamilton,Tim Frazier,Anthony Davis,Luol Deng,T.J. Warren,OKC,NO,BKN,BKN,NO,NO,LAL,PHO,PG,SF,PG,C,PG,PF/C,SF,SF,11800,3000,6000,3500,5400,10900,4800,4400,270.91,396.75,59,Oct282016
Russell Westbrook,Lance Stephenson,Jeremy Lin,Tyson Chandler,Tim Frazier,Andre Roberson,Anthony Davis,T.J. Warren,OKC,NO,BKN,PHO,NO,OKC,NO,PHO,PG,SF,PG,C,PG,SG/SF,PF/C,SF,11800,3000,6000,4500,5400,3500,10900,4400,269.28,396.75,60,Oct282016
Russell Westbrook,Lance Stephenson,Jeremy Lin,Aron Baynes,Tim Frazier,Andre Roberson,Anthony Davis,T.J. Warren,OKC,NO,BKN,DET,NO,OKC,NO,PHO,PG,SF,PG,C,PG,SG/SF,PF/C,SF,11800,3000,6000,3000,5400,3500,10900,4400,258.62,396.5,61,Oct282016
Russell Westbrook,Lance Stephenson,Jeremy Lin,Zaza Pachulia,Thaddeus Young,Andre Roberson,Anthony Davis,T.J. Warren,OKC,NO,BKN,GS,IND,OKC,NO,PHO,PG,SF,PG,C,PF,SG/SF,PF/C,SF,11800,3000,6000,3800,5700,3500,10900,4400,256.51,396.5,62,Oct282016
Russell Westbrook,Lance Stephenson,Jeremy Lin,Justin Hamilton,Tim Frazier,Andre Roberson,Anthony Davis,T.J. Warren,OKC,NO,BKN,BKN,NO,OKC,NO,PHO,PG,SF,PG,C,PG,SG/SF,PF/C,SF,11800,3000,6000,3500,5400,3500,10900,4400,269.78,396.5,63,Oct282016
Russell Westbrook,Jeremy Lin,Tristan Thompson,Tim Frazier,Jeremy Lamb,Anthony Davis,Dante Cunningham,T.J. Warren,OKC,BKN,CLE,NO,CHA,NO,NO,PHO,PG,PG,C,PG,SG/SF,PF/C,SF/PF,SF,11800,6000,4700,5400,3000,10900,3000,4400,237.6,396.5,64,Oct282016
Russell Westbrook,Aron Baynes,Sean Kilpatrick,Andre Roberson,Anthony Davis,Spencer Hawes,Kevin Durant,T.J. Warren,OKC,DET,BKN,OKC,NO,CHA,GS,PHO,PG,C,SG,SG/SF,PF/C,PF/C,SF/PF,SF,11800,3000,3600,3500,10900,3000,9600,4400,262.87,396.5,65,Oct282016
Russell Westbrook,Lance Stephenson,Aron Baynes,Dion Waiters,Jeremy Lamb,Anthony Davis,Kevin Durant,T.J. Warren,OKC,NO,DET,MIA,CHA,NO,GS,PHO,PG,SF,C,SG,SG/SF,PF/C,SF/PF,SF,11800,3000,3000,4100,3000,10900,9600,4400,260.38,396.5,66,Oct282016
Russell Westbrook,Jeremy Lin,Zaza Pachulia,Andre Roberson,Anthony Davis,Dante Cunningham,Harrison Barnes,T.J. Warren,OKC,BKN,GS,OKC,NO,NO,DAL,PHO,PG,PG,C,SG/SF,PF/C,SF/PF,SF,SF,11800,6000,3800,3500,10900,3000,5900,4400,240.12,396.25,67,Oct282016
Russell Westbrook,Jeremy Lin,Tristan Thompson,Thaddeus Young,Andre Roberson,Anthony Davis,Dante Cunningham,T.J. Warren,OKC,BKN,CLE,IND,OKC,NO,NO,PHO,PG,PG,C,PF,SG/SF,PF/C,SF/PF,SF,11800,6000,4700,5700,3500,10900,3000,4400,243.26,396.25,68,Oct282016
Russell Westbrook,Lance Stephenson,Jeremy Lin,Zaza Pachulia,Tim Frazier,Lou Williams,Anthony Davis,T.J. Warren,OKC,NO,BKN,GS,NO,LAL,NO,PHO,PG,SF,PG,C,PG,SG,PF/C,SF,11800,3000,6000,3800,5400,4300,10900,4400,259.37,396.25,69,Oct282016
Russell Westbrook,Jeremy Lin,Zaza Pachulia,Tim Frazier,Andre Roberson,Anthony Davis,Spencer Hawes,T.J. Warren,OKC,BKN,GS,NO,OKC,NO,CHA,PHO,PG,PG,C,PG,SG/SF,PF/C,PF/C,SF,11800,6000,3800,5400,3500,10900,3000,4400,256.1,396.25,70,Oct282016
Russell Westbrook,Jeremy Lin,Rudy Gobert,Andre Roberson,Anthony Davis,Spencer Hawes,Dante Cunningham,T.J. Warren,OKC,BKN,UTA,OKC,NO,CHA,NO,PHO,PG,PG,C,SG/SF,PF/C,PF/C,SF/PF,SF,11800,6000,7300,3500,10900,3000,3000,4400,239.9,396.25,71,Oct282016
Russell Westbrook,Lance Stephenson,Zaza Pachulia,Tim Frazier,Andre Roberson,Anthony Davis,Kevin Love,T.J. Warren,OKC,NO,GS,NO,OKC,NO,CLE,PHO,PG,SF,C,PG,SG/SF,PF/C,PF/C,SF,11800,3000,3800,5400,3500,10900,7100,4400,273.6,396.25,72,Oct282016
Russell Westbrook,Lance Stephenson,Jeremy Lin,Andrew Bogut,Tim Frazier,Andre Roberson,Anthony Davis,T.J. Warren,OKC,NO,BKN,DAL,NO,OKC,NO,PHO,PG,SF,PG,C,PG,SG/SF,PF/C,SF,11800,3000,6000,4500,5400,3500,10900,4400,267.84,396.25,73,Oct282016
Russell Westbrook,Andre Drummond,Tim Frazier,Andre Roberson,Anthony Davis,Spencer Hawes,Dante Cunningham,T.J. Warren,OKC,DET,NO,OKC,NO,CHA,NO,PHO,PG,C,PG,SG/SF,PF/C,PF/C,SF/PF,SF,11800,7900,5400,3500,10900,3000,3000,4400,254.13,396.25,74,Oct282016
Russell Westbrook,Lance Stephenson,Jeremy Lin,Zaza Pachulia,Tim Frazier,Sean Kilpatrick,Anthony Davis,T.J. Warren,OKC,NO,BKN,GS,NO,BKN,NO,PHO,PG,SF,PG,C,PG,SG,PF/C,SF,11800,3000,6000,3800,5400,3600,10900,4400,262.41,396.0,75,Oct282016
Russell Westbrook,Jeremy Lin,Zaza Pachulia,Klay Thompson,Andre Roberson,Anthony Davis,Dante Cunningham,T.J. Warren,OKC,BKN,GS,GS,OKC,NO,NO,PHO,PG,PG,C,SG,SG/SF,PF/C,SF/PF,SF,11800,6000,3800,6500,3500,10900,3000,4400,246.15,396.0,76,Oct282016
Russell Westbrook,Lance Stephenson,Andre Drummond,Tim Frazier,Sean Kilpatrick,Anthony Davis,Dante Cunningham,T.J. Warren,OKC,NO,DET,NO,BKN,NO,NO,PHO,PG,SF,C,PG,SG,PF/C,SF/PF,SF,11800,3000,7900,5400,3600,10900,3000,4400,260.44,396.0,77,Oct282016
Russell Westbrook,Lance Stephenson,Jeremy Lin,Rudy Gobert,Sean Kilpatrick,Anthony Davis,Dante Cunningham,T.J. Warren,OKC,NO,BKN,UTA,BKN,NO,NO,PHO,PG,SF,PG,C,SG,PF/C,SF/PF,SF,11800,3000,6000,7300,3600,10900,3000,4400,246.21,396.0,78,Oct282016
Russell Westbrook,Tarik Black,Sean Kilpatrick,Andre Roberson,Anthony Davis,Kevin Durant,Dante Cunningham,T.J. Warren,OKC,LAL,BKN,OKC,NO,GS,NO,PHO,PG,C,SG,SG/SF,PF/C,SF/PF,SF/PF,SF,11800,3000,3600,3500,10900,9600,3000,4400,254.48,395.75,79,Oct282016
Russell Westbrook,Lance Stephenson,Jeremy Lin,Tristan Thompson,Zaza Pachulia,Tim Frazier,Anthony Davis,T.J. Warren,OKC,NO,BKN,CLE,GS,NO,NO,PHO,PG,SF,PG,C,C,PG,PF/C,SF,11800,3000,6000,4700,3800,5400,10900,4400,258.77,395.75,80,Oct282016
Russell Westbrook,Jeremy Lin,Tristan Thompson,Tim Frazier,Sean Kilpatrick,Anthony Davis,Dante Cunningham,T.J. Warren,OKC,BKN,CLE,NO,BKN,NO,NO,PHO,PG,PG,C,PG,SG,PF/C,SF/PF,SF,11800,6000,4700,5400,3600,10900,3000,4400,249.16,395.75,81,Oct282016
Russell Westbrook,Jeremy Lin,Rudy Gobert,Andre Roberson,Jeremy Lamb,Anthony Davis,Spencer Hawes,T.J. Warren,OKC,BKN,UTA,OKC,CHA,NO,CHA,PHO,PG,PG,C,SG/SF,SG/SF,PF/C,PF/C,SF,11800,6000,7300,3500,3000,10900,3000,4400,242.55,395.75,82,Oct282016
Russell Westbrook,Lance Stephenson,Zaza Pachulia,Tim Frazier,DeMar DeRozan,Anthony Davis,Dante Cunningham,T.J. Warren,OKC,NO,GS,NO,TOR,NO,NO,PHO,PG,SF,C,PG,SG,PF/C,SF/PF,SF,11800,3000,3800,5400,7200,10900,3000,4400,255.13,395.75,83,Oct282016
Russell Westbrook,Andre Drummond,Tim Frazier,Andre Roberson,Jeremy Lamb,Anthony Davis,Spencer Hawes,T.J. Warren,OKC,DET,NO,OKC,CHA,NO,CHA,PHO,PG,C,PG,SG/SF,SG/SF,PF/C,PF/C,SF,11800,7900,5400,3500,3000,10900,3000,4400,256.78,395.75,84,Oct282016
Russell Westbrook,Jeremy Lin,Aron Baynes,DeMar DeRozan,Andre Roberson,Anthony Davis,Dante Cunningham,T.J. Warren,OKC,BKN,DET,TOR,OKC,NO,NO,PHO,PG,PG,C,SG,SG/SF,PF/C,SF/PF,SF,11800,6000,3000,7200,3500,10900,3000,4400,245.39,395.75,85,Oct282016
Russell Westbrook,Jeremy Lin,Tristan Thompson,Thaddeus Young,Andre Roberson,Jeremy Lamb,Anthony Davis,T.J. Warren,OKC,BKN,CLE,IND,OKC,CHA,NO,PHO,PG,PG,C,PF,SG/SF,SG/SF,PF/C,SF,11800,6000,4700,5700,3500,3000,10900,4400,245.91,395.75,86,Oct282016
Russell Westbrook,Jeremy Lin,Timofey Mozgov,Tim Frazier,Andre Roberson,Anthony Davis,Dante Cunningham,T.J. Warren,OKC,BKN,LAL,NO,OKC,NO,NO,PHO,PG,PG,C,PG,SG/SF,PF/C,SF/PF,SF,11800,6000,4400,5400,3500,10900,3000,4400,250.95,395.75,87,Oct282016
Russell Westbrook,Lance Stephenson,Tristan Thompson,Tim Frazier,Thaddeus Young,Andre Roberson,Anthony Davis,T.J. Warren,OKC,NO,CLE,NO,IND,OKC,NO,PHO,PG,SF,C,PG,PF,SG/SF,PF/C,SF,11800,3000,4700,5400,5700,3500,10900,4400,263.42,395.5,88,Oct282016
Russell Westbrook,Lance Stephenson,Rudy Gobert,Tim Frazier,Andre Roberson,Anthony Davis,Spencer Hawes,T.J. Warren,OKC,NO,UTA,NO,OKC,NO,CHA,PHO,PG,SF,C,PG,SG/SF,PF/C,PF/C,SF,11800,3000,7300,5400,3500,10900,3000,4400,260.06,395.5,89,Oct282016
Russell Westbrook,Lance Stephenson,Zaza Pachulia,Rodney McGruder,Andre Roberson,Anthony Davis,Kevin Durant,T.J. Warren,OKC,NO,GS,MIA,OKC,NO,GS,PHO,PG,SF,C,SG,SG/SF,PF/C,SF/PF,SF,11800,3000,3800,3000,3500,10900,9600,4400,262.13,395.5,90,Oct282016
Russell Westbrook,Lance Stephenson,Jeremy Lin,Jonas Valanciunas,Andre Roberson,Anthony Davis,Dante Cunningham,T.J. Warren,OKC,NO,BKN,TOR,OKC,NO,NO,PHO,PG,SF,PG,C,SG/SF,PF/C,SF/PF,SF,11800,3000,6000,6700,3500,10900,3000,4400,249.89,395.5,91,Oct282016
Russell Westbrook,Lance Stephenson,Jeremy Lin,Rudy Gobert,Sean Kilpatrick,Jeremy Lamb,Anthony Davis,T.J. Warren,OKC,NO,BKN,UTA,BKN,CHA,NO,PHO,PG,SF,PG,C,SG,SG/SF,PF/C,SF,11800,3000,6000,7300,3600,3000,10900,4400,248.86,395.5,92,Oct282016
Russell Westbrook,Jeremy Lin,Zaza Pachulia,Klay Thompson,Andre Roberson,Jeremy Lamb,Anthony Davis,T.J. Warren,OKC,BKN,GS,GS,OKC,CHA,NO,PHO,PG,PG,C,SG,SG/SF,SG/SF,PF/C,SF,11800,6000,3800,6500,3500,3000,10900,4400,248.8,395.5,93,Oct282016
Russell Westbrook,Lance Stephenson,Hassan Whiteside,Tim Frazier,Jeremy Lamb,Anthony Davis,Dante Cunningham,T.J. Warren,OKC,NO,MIA,NO,CHA,NO,NO,PHO,PG,SF,C,PG,SG/SF,PF/C,SF/PF,SF,11800,3000,8300,5400,3000,10900,3000,4400,253.24,395.5,94,Oct282016
Russell Westbrook,Lance Stephenson,Jeremy Lin,Aron Baynes,George Hill,Tim Frazier,Anthony Davis,T.J. Warren,OKC,NO,BKN,DET,UTA,NO,NO,PHO,PG,SF,PG,C,PG,PG,PF/C,SF,11800,3000,6000,3000,5500,5400,10900,4400,271.53,395.5,95,Oct282016
Russell Westbrook,Lance Stephenson,Jeremy Lin,Zaza Pachulia,Tim Frazier,Dion Waiters,Anthony Davis,T.J. Warren,OKC,NO,BKN,GS,NO,MIA,NO,PHO,PG,SF,PG,C,PG,SG,PF/C,SF,11800,3000,6000,3800,5400,4100,10900,4400,265.17,395.5,96,Oct282016
Russell Westbrook,Lance Stephenson,Andre Drummond,Tim Frazier,Sean Kilpatrick,Jeremy Lamb,Anthony Davis,T.J. Warren,OKC,NO,DET,NO,BKN,CHA,NO,PHO,PG,SF,C,PG,SG,SG/SF,PF/C,SF,11800,3000,7900,5400,3600,3000,10900,4400,263.09,395.5,97,Oct282016
Russell Westbrook,Jeremy Lin,Tristan Thompson,Tim Frazier,Sean Kilpatrick,Jeremy Lamb,Anthony Davis,T.J. Warren,OKC,BKN,CLE,NO,BKN,CHA,NO,PHO,PG,PG,C,PG,SG,SG/SF,PF/C,SF,11800,6000,4700,5400,3600,3000,10900,4400,251.81,395.25,98,Oct282016
Russell Westbrook,Lance Stephenson,Jeremy Lin,Zaza Pachulia,Anthony Davis,Kevin Love,Dante Cunningham,T.J. Warren,OKC,NO,BKN,GS,NO,CLE,NO,PHO,PG,SF,PG,C,PF/C,PF/C,SF/PF,SF,11800,3000,6000,3800,10900,7100,3000,4400,251.81,395.25,99,Oct282016
Russell Westbrook,Jeremy Lin,Aron Baynes,DeMar DeRozan,Andre Roberson,Jeremy Lamb,Anthony Davis,T.J. Warren,OKC,BKN,DET,TOR,OKC,CHA,NO,PHO,PG,PG,C,SG,SG/SF,SG/SF,PF/C,SF,11800,6000,3000,7200,3500,3000,10900,4400,248.04,395.25,100,Oct282016
