Player1,Player2,Player3,Player4,Player5,Player6,Player7,Player8,Team1,Team2,Team3,Team4,Team5,Team6,Team7,Team8,Pos1,Pos2,Pos3,Pos4,Pos5,Pos6,Pos7,Pos8,Salary1,Salary2,Salary3,Salary4,Salary5,Salary6,Salary7,Salary8,Projected Value,Actual Scored,Iteration,date
Russell Westbrook,T.J. Warren,Kentavious Caldwell-Pope,Wesley Matthews,Vince Carter,J.J. Barea,Hassan Whiteside,Andre Drummond,OKC,PHO,DET,DAL,MEM,DAL,MIA,DET,PG,SF,SG,SG/SF,SG/SF,PG/SG,C,C,12200,5000,4400,4900,3100,4500,8000,7900,261.79,379.5,1,Oct302016
Russell Westbrook,T.J. Warren,Kentavious Caldwell-Pope,Wesley Matthews,Vince Carter,Mike Conley,Andre Drummond,Steven Adams,OKC,PHO,DET,DAL,MEM,MEM,DET,OKC,PG,SF,SG,SG/SF,SG/SF,PG,C,C,12200,5000,4400,4900,3100,6600,7900,5800,245.65,375.5,2,Oct302016
Russell Westbrook,T.J. Warren,Joe Ingles,Kentavious Caldwell-Pope,Wesley Matthews,J.J. Barea,Hassan Whiteside,Andre Drummond,OKC,PHO,UTA,DET,DAL,DAL,MIA,DET,PG,SF,SF,SG,SG/SF,PG/SG,C,C,12200,5000,3000,4400,4900,4500,8000,7900,256.43,374.75,3,Oct302016
Russell Westbrook,T.J. Warren,Kentavious Caldwell-Pope,Wesley Matthews,Vince Carter,Mike Conley,Andre Drummond,Marc Gasol,OKC,PHO,DET,DAL,MEM,MEM,DET,MEM,PG,SF,SG,SG/SF,SG/SF,PG,C,C,12200,5000,4400,4900,3100,6600,7900,5600,253.15,374.5,4,Oct302016
Russell Westbrook,T.J. Warren,Wesley Matthews,Vince Carter,J.J. Barea,Mike Conley,Andre Drummond,Steven Adams,OKC,PHO,DAL,MEM,DAL,MEM,DET,OKC,PG,SF,SG/SF,SG/SF,PG/SG,PG,C,C,12200,5000,4900,3100,4500,6600,7900,5800,256.89,373.25,5,Oct302016
Russell Westbrook,T.J. Warren,Wesley Matthews,Vince Carter,J.J. Barea,Mike Conley,Andre Drummond,Marc Gasol,OKC,PHO,DAL,MEM,DAL,MEM,DET,MEM,PG,SF,SG/SF,SG/SF,PG/SG,PG,C,C,12200,5000,4900,3100,4500,6600,7900,5600,264.39,372.25,6,Oct302016
Russell Westbrook,T.J. Warren,Kentavious Caldwell-Pope,Wesley Matthews,Vince Carter,Julius Randle,Andre Drummond,Pau Gasol,OKC,PHO,DET,DAL,MEM,LAL,DET,SA,PG,SF,SG,SG/SF,SG/SF,PF,C,C,12200,5000,4400,4900,3100,6100,7900,6100,247.1,372.0,7,Oct302016
Russell Westbrook,T.J. Warren,Kentavious Caldwell-Pope,Wesley Matthews,Vince Carter,Mike Conley,Hassan Whiteside,Steven Adams,OKC,PHO,DET,DAL,MEM,MEM,MIA,OKC,PG,SF,SG,SG/SF,SG/SF,PG,C,C,12200,5000,4400,4900,3100,6600,8000,5800,244.44,372.0,8,Oct302016
Russell Westbrook,T.J. Warren,Kentavious Caldwell-Pope,Nick Young,Wesley Matthews,Mike Conley,Andre Drummond,Marc Gasol,OKC,PHO,DET,LAL,DAL,MEM,DET,MEM,PG,SF,SG,SG,SG/SF,PG,C,C,12200,5000,4400,3300,4900,6600,7900,5600,256.2,371.75,9,Oct302016
Russell Westbrook,Justise Winslow,Kentavious Caldwell-Pope,Wesley Matthews,Vince Carter,J.J. Barea,Hassan Whiteside,Andre Drummond,OKC,MIA,DET,DAL,MEM,DAL,MIA,DET,PG,SF,SG,SG/SF,SG/SF,PG/SG,C,C,12200,5000,4400,4900,3100,4500,8000,7900,257.37,371.75,10,Oct302016
Russell Westbrook,Kentavious Caldwell-Pope,Nick Young,Wesley Matthews,Vince Carter,Julius Randle,Hassan Whiteside,Andre Drummond,OKC,DET,LAL,DAL,MEM,LAL,MIA,DET,PG,SG,SG,SG/SF,SG/SF,PF,C,C,12200,4400,3300,4900,3100,6100,8000,7900,249.95,371.75,11,Oct302016
Russell Westbrook,Kentavious Caldwell-Pope,Wesley Matthews,Vince Carter,J.J. Barea,Mike Conley,Andre Drummond,Pau Gasol,OKC,DET,DAL,MEM,DAL,MEM,DET,SA,PG,SG,SG/SF,SG/SF,PG/SG,PG,C,C,12200,4400,4900,3100,4500,6600,7900,6100,245.89,371.5,12,Oct302016
Russell Westbrook,T.J. Warren,Kentavious Caldwell-Pope,Nick Young,Wesley Matthews,Vince Carter,Hassan Whiteside,Andre Drummond,OKC,PHO,DET,LAL,DAL,MEM,MIA,DET,PG,SF,SG,SG,SG/SF,SG/SF,C,C,12200,5000,4400,3300,4900,3100,8000,7900,250.18,371.0,13,Oct302016
Russell Westbrook,T.J. Warren,Kentavious Caldwell-Pope,Nick Young,Vince Carter,Julius Randle,Hassan Whiteside,Andre Drummond,OKC,PHO,DET,LAL,MEM,LAL,MIA,DET,PG,SF,SG,SG,SG/SF,PF,C,C,12200,5000,4400,3300,3100,6100,8000,7900,255.23,371.0,14,Oct302016
Russell Westbrook,T.J. Warren,Kentavious Caldwell-Pope,Wesley Matthews,Vince Carter,Mike Conley,Hassan Whiteside,Marc Gasol,OKC,PHO,DET,DAL,MEM,MEM,MIA,MEM,PG,SF,SG,SG/SF,SG/SF,PG,C,C,12200,5000,4400,4900,3100,6600,8000,5600,251.94,371.0,15,Oct302016
Russell Westbrook,T.J. Warren,Joe Ingles,Kentavious Caldwell-Pope,Wesley Matthews,Mike Conley,Andre Drummond,Steven Adams,OKC,PHO,UTA,DET,DAL,MEM,DET,OKC,PG,SF,SF,SG,SG/SF,PG,C,C,12200,5000,3000,4400,4900,6600,7900,5800,240.29,370.75,16,Oct302016
Russell Westbrook,T.J. Warren,Kentavious Caldwell-Pope,Vince Carter,J.J. Barea,Mike Conley,Andre Drummond,Pau Gasol,OKC,PHO,DET,MEM,DAL,MEM,DET,SA,PG,SF,SG,SG/SF,PG/SG,PG,C,C,12200,5000,4400,3100,4500,6600,7900,6100,251.17,370.75,17,Oct302016
Russell Westbrook,T.J. Warren,Kentavious Caldwell-Pope,Wesley Matthews,Mike Conley,David Lee,Andre Drummond,Steven Adams,OKC,PHO,DET,DAL,MEM,SA,DET,OKC,PG,SF,SG,SG/SF,PG,PF,C,C,12200,5000,4400,4900,6600,3200,7900,5800,256.92,370.75,18,Oct302016
Russell Westbrook,Kentavious Caldwell-Pope,Nick Young,Vince Carter,J.J. Barea,Mike Conley,Hassan Whiteside,Andre Drummond,OKC,DET,LAL,MEM,DAL,MEM,MIA,DET,PG,SG,SG,SG/SF,PG/SG,PG,C,C,12200,4400,3300,3100,4500,6600,8000,7900,254.02,370.5,19,Oct302016
Russell Westbrook,T.J. Warren,Kentavious Caldwell-Pope,Wesley Matthews,Vince Carter,Julius Randle,Andre Drummond,Steven Adams,OKC,PHO,DET,DAL,MEM,LAL,DET,OKC,PG,SF,SG,SG/SF,SG/SF,PF,C,C,12200,5000,4400,4900,3100,6100,7900,5800,245.56,370.25,20,Oct302016
Russell Westbrook,T.J. Warren,Kentavious Caldwell-Pope,Wesley Matthews,J.J. Barea,Luke Babbitt,Hassan Whiteside,Andre Drummond,OKC,PHO,DET,DAL,DAL,MIA,MIA,DET,PG,SF,SG,SG/SF,PG/SG,PF,C,C,12200,5000,4400,4900,4500,3000,8000,7900,260.89,370.25,21,Oct302016
Russell Westbrook,T.J. Warren,Kentavious Caldwell-Pope,Marcus Thornton,Wesley Matthews,J.J. Barea,Hassan Whiteside,Andre Drummond,OKC,PHO,DET,WAS,DAL,DAL,MIA,DET,PG,SF,SG,SG,SG/SF,PG/SG,C,C,12200,5000,4400,3000,4900,4500,8000,7900,259.92,370.25,22,Oct302016
Russell Westbrook,T.J. Warren,Kentavious Caldwell-Pope,Wesley Matthews,Vince Carter,Goran Dragic,Andre Drummond,Pau Gasol,OKC,PHO,DET,DAL,MEM,MIA,DET,SA,PG,SF,SG,SG/SF,SG/SF,PG,C,C,12200,5000,4400,4900,3100,6300,7900,6100,247.85,370.0,23,Oct302016
Russell Westbrook,T.J. Warren,Joe Ingles,Kentavious Caldwell-Pope,Wesley Matthews,Mike Conley,Andre Drummond,Marc Gasol,OKC,PHO,UTA,DET,DAL,MEM,DET,MEM,PG,SF,SF,SG,SG/SF,PG,C,C,12200,5000,3000,4400,4900,6600,7900,5600,247.79,369.75,24,Oct302016
Russell Westbrook,Kentavious Caldwell-Pope,Wesley Matthews,Vince Carter,J.J. Barea,Mike Conley,Andre Drummond,Steven Adams,OKC,DET,DAL,MEM,DAL,MEM,DET,OKC,PG,SG,SG/SF,SG/SF,PG/SG,PG,C,C,12200,4400,4900,3100,4500,6600,7900,5800,244.35,369.75,25,Oct302016
Russell Westbrook,T.J. Warren,Kentavious Caldwell-Pope,Wesley Matthews,Mike Conley,David Lee,Andre Drummond,Marc Gasol,OKC,PHO,DET,DAL,MEM,SA,DET,MEM,PG,SF,SG,SG/SF,PG,PF,C,C,12200,5000,4400,4900,6600,3200,7900,5600,264.42,369.75,26,Oct302016
Russell Westbrook,Tyson Chandler,T.J. Warren,Kentavious Caldwell-Pope,Wesley Matthews,J.J. Barea,Mike Conley,Andre Drummond,OKC,PHO,PHO,DET,DAL,DAL,MEM,DET,PG,C,SF,SG,SG/SF,PG/SG,PG,C,12200,4300,5000,4400,4900,4500,6600,7900,255.68,369.75,27,Oct302016
Russell Westbrook,T.J. Warren,Wesley Matthews,Vince Carter,J.J. Barea,Julius Randle,Andre Drummond,Pau Gasol,OKC,PHO,DAL,MEM,DAL,LAL,DET,SA,PG,SF,SG/SF,SG/SF,PG/SG,PF,C,C,12200,5000,4900,3100,4500,6100,7900,6100,258.34,369.75,28,Oct302016
Russell Westbrook,Joe Ingles,Kentavious Caldwell-Pope,Wesley Matthews,Vince Carter,Julius Randle,Hassan Whiteside,Andre Drummond,OKC,UTA,DET,DAL,MEM,LAL,MIA,DET,PG,SF,SG,SG/SF,SG/SF,PF,C,C,12200,3000,4400,4900,3100,6100,8000,7900,241.54,369.75,29,Oct302016
Russell Westbrook,Kentavious Caldwell-Pope,Wesley Matthews,Vince Carter,Julius Randle,David Lee,Hassan Whiteside,Andre Drummond,OKC,DET,DAL,MEM,LAL,SA,MIA,DET,PG,SG,SG/SF,SG/SF,PF,PF,C,C,12200,4400,4900,3100,6100,3200,8000,7900,258.17,369.75,30,Oct302016
Russell Westbrook,T.J. Warren,Nick Young,Wesley Matthews,J.J. Barea,Mike Conley,Andre Drummond,Marc Gasol,OKC,PHO,LAL,DAL,DAL,MEM,DET,MEM,PG,SF,SG,SG/SF,PG/SG,PG,C,C,12200,5000,3300,4900,4500,6600,7900,5600,267.44,369.5,31,Oct302016
Russell Westbrook,Nick Young,Wesley Matthews,Vince Carter,J.J. Barea,Julius Randle,Hassan Whiteside,Andre Drummond,OKC,LAL,DAL,MEM,DAL,LAL,MIA,DET,PG,SG,SG/SF,SG/SF,PG/SG,PF,C,C,12200,3300,4900,3100,4500,6100,8000,7900,261.19,369.5,32,Oct302016
Russell Westbrook,T.J. Warren,Kentavious Caldwell-Pope,Wesley Matthews,Vince Carter,Zach Randolph,Mike Conley,Andre Drummond,OKC,PHO,DET,DAL,MEM,MEM,MEM,DET,PG,SF,SG,SG/SF,SG/SF,PF,PG,C,12200,5000,4400,4900,3100,5800,6600,7900,251.12,369.25,33,Oct302016
Russell Westbrook,T.J. Warren,Kentavious Caldwell-Pope,Wesley Matthews,Vince Carter,Jared Dudley,Hassan Whiteside,Andre Drummond,OKC,PHO,DET,DAL,MEM,PHO,MIA,DET,PG,SF,SG,SG/SF,SG/SF,PF,C,C,12200,5000,4400,4900,3100,3600,8000,7900,250.74,369.25,34,Oct302016
Russell Westbrook,Justise Winslow,T.J. Warren,Kentavious Caldwell-Pope,Wesley Matthews,J.J. Barea,Andre Drummond,Pau Gasol,OKC,MIA,PHO,DET,DAL,DAL,DET,SA,PG,SF,SF,SG,SG/SF,PG/SG,C,C,12200,5000,5000,4400,4900,4500,7900,6100,257.57,369.25,35,Oct302016
Russell Westbrook,T.J. Warren,Kentavious Caldwell-Pope,Nick Young,Wesley Matthews,Julius Randle,Andre Drummond,Pau Gasol,OKC,PHO,DET,LAL,DAL,LAL,DET,SA,PG,SF,SG,SG,SG/SF,PF,C,C,12200,5000,4400,3300,4900,6100,7900,6100,250.15,369.25,36,Oct302016
Russell Westbrook,T.J. Warren,Kentavious Caldwell-Pope,Wesley Matthews,Vince Carter,Julius Randle,Andre Drummond,Marc Gasol,OKC,PHO,DET,DAL,MEM,LAL,DET,MEM,PG,SF,SG,SG/SF,SG/SF,PF,C,C,12200,5000,4400,4900,3100,6100,7900,5600,253.06,369.25,37,Oct302016
Russell Westbrook,T.J. Warren,Kentavious Caldwell-Pope,Vince Carter,Julius Randle,David Lee,Hassan Whiteside,Andre Drummond,OKC,PHO,DET,MEM,LAL,SA,MIA,DET,PG,SF,SG,SG/SF,PF,PF,C,C,12200,5000,4400,3100,6100,3200,8000,7900,263.45,369.0,38,Oct302016
Russell Westbrook,T.J. Warren,Kentavious Caldwell-Pope,Wesley Matthews,Vince Carter,David Lee,Hassan Whiteside,Andre Drummond,OKC,PHO,DET,DAL,MEM,SA,MIA,DET,PG,SF,SG,SG/SF,SG/SF,PF,C,C,12200,5000,4400,4900,3100,3200,8000,7900,258.4,369.0,39,Oct302016
Russell Westbrook,T.J. Warren,Joe Ingles,Kentavious Caldwell-Pope,Vince Carter,Julius Randle,Hassan Whiteside,Andre Drummond,OKC,PHO,UTA,DET,MEM,LAL,MIA,DET,PG,SF,SF,SG,SG/SF,PF,C,C,12200,5000,3000,4400,3100,6100,8000,7900,246.82,369.0,40,Oct302016
Russell Westbrook,T.J. Warren,Kentavious Caldwell-Pope,Vince Carter,J.J. Barea,Mike Conley,Andre Drummond,Steven Adams,OKC,PHO,DET,MEM,DAL,MEM,DET,OKC,PG,SF,SG,SG/SF,PG/SG,PG,C,C,12200,5000,4400,3100,4500,6600,7900,5800,249.63,369.0,41,Oct302016
Russell Westbrook,T.J. Warren,Wesley Matthews,Vince Carter,J.J. Barea,Mike Conley,Hassan Whiteside,Marc Gasol,OKC,PHO,DAL,MEM,DAL,MEM,MIA,MEM,PG,SF,SG/SF,SG/SF,PG/SG,PG,C,C,12200,5000,4900,3100,4500,6600,8000,5600,263.18,368.75,42,Oct302016
Russell Westbrook,Kentavious Caldwell-Pope,Wesley Matthews,Vince Carter,J.J. Barea,Mike Conley,Andre Drummond,Marc Gasol,OKC,DET,DAL,MEM,DAL,MEM,DET,MEM,PG,SG,SG/SF,SG/SF,PG/SG,PG,C,C,12200,4400,4900,3100,4500,6600,7900,5600,251.85,368.75,43,Oct302016
T.J. Warren,Kentavious Caldwell-Pope,Wesley Matthews,Vince Carter,Kevin Durant,Mike Conley,Hassan Whiteside,Andre Drummond,PHO,DET,DAL,MEM,GS,MEM,MIA,DET,SF,SG,SG/SF,SG/SF,SF/PF,PG,C,C,5000,4400,4900,3100,9900,6600,8000,7900,250.59,368.75,44,Oct302016
Russell Westbrook,T.J. Warren,Nick Young,Wesley Matthews,Vince Carter,J.J. Barea,Hassan Whiteside,Andre Drummond,OKC,PHO,LAL,DAL,MEM,DAL,MIA,DET,PG,SF,SG,SG/SF,SG/SF,PG/SG,C,C,12200,5000,3300,4900,3100,4500,8000,7900,261.42,368.75,45,Oct302016
Russell Westbrook,Kentavious Caldwell-Pope,Nick Young,Wesley Matthews,J.J. Barea,Mike Conley,Andre Drummond,Pau Gasol,OKC,DET,LAL,DAL,DAL,MEM,DET,SA,PG,SG,SG,SG/SF,PG/SG,PG,C,C,12200,4400,3300,4900,4500,6600,7900,6100,248.94,368.75,46,Oct302016
Russell Westbrook,T.J. Warren,Kentavious Caldwell-Pope,Wesley Matthews,Vince Carter,Julius Randle,Hassan Whiteside,Pau Gasol,OKC,PHO,DET,DAL,MEM,LAL,MIA,SA,PG,SF,SG,SG/SF,SG/SF,PF,C,C,12200,5000,4400,4900,3100,6100,8000,6100,245.89,368.5,47,Oct302016
Russell Westbrook,Kentavious Caldwell-Pope,Vince Carter,J.J. Barea,Mike Conley,David Lee,Hassan Whiteside,Andre Drummond,OKC,DET,MEM,DAL,MEM,SA,MIA,DET,PG,SG,SG/SF,PG/SG,PG,PF,C,C,12200,4400,3100,4500,6600,3200,8000,7900,262.24,368.5,48,Oct302016
Russell Westbrook,T.J. Warren,Joe Ingles,Wesley Matthews,J.J. Barea,Mike Conley,Andre Drummond,Steven Adams,OKC,PHO,UTA,DAL,DAL,MEM,DET,OKC,PG,SF,SF,SG/SF,PG/SG,PG,C,C,12200,5000,3000,4900,4500,6600,7900,5800,251.53,368.5,49,Oct302016
Russell Westbrook,T.J. Warren,Kentavious Caldwell-Pope,Austin Rivers,Wesley Matthews,Mike Conley,Andre Drummond,Marc Gasol,OKC,PHO,DET,LAC,DAL,MEM,DET,MEM,PG,SF,SG,PG,SG/SF,PG,C,C,12200,5000,4400,3300,4900,6600,7900,5600,255.71,368.5,50,Oct302016
Russell Westbrook,Joe Ingles,Kentavious Caldwell-Pope,Vince Carter,J.J. Barea,Mike Conley,Hassan Whiteside,Andre Drummond,OKC,UTA,DET,MEM,DAL,MEM,MIA,DET,PG,SF,SG,SG/SF,PG/SG,PG,C,C,12200,3000,4400,3100,4500,6600,8000,7900,245.61,368.5,51,Oct302016
Russell Westbrook,T.J. Warren,Wesley Johnson,Kentavious Caldwell-Pope,Wesley Matthews,J.J. Barea,Hassan Whiteside,Andre Drummond,OKC,PHO,LAC,DET,DAL,DAL,MIA,DET,PG,SF,SF,SG,SG/SF,PG/SG,C,C,12200,5000,3000,4400,4900,4500,8000,7900,257.64,368.5,52,Oct302016
Russell Westbrook,Kentavious Caldwell-Pope,Austin Rivers,Wesley Matthews,Vince Carter,Julius Randle,Hassan Whiteside,Andre Drummond,OKC,DET,LAC,DAL,MEM,LAL,MIA,DET,PG,SG,PG,SG/SF,SG/SF,PF,C,C,12200,4400,3300,4900,3100,6100,8000,7900,249.46,368.5,53,Oct302016
Russell Westbrook,T.J. Warren,Kentavious Caldwell-Pope,Dante Exum,Wesley Matthews,J.J. Barea,Hassan Whiteside,Andre Drummond,OKC,PHO,DET,UTA,DAL,DAL,MIA,DET,PG,SF,SG,PG,SG/SF,PG/SG,C,C,12200,5000,4400,3100,4900,4500,8000,7900,256.14,368.5,54,Oct302016
Russell Westbrook,T.J. Warren,Kentavious Caldwell-Pope,Wesley Matthews,Vince Carter,Goran Dragic,Andre Drummond,Steven Adams,OKC,PHO,DET,DAL,MEM,MIA,DET,OKC,PG,SF,SG,SG/SF,SG/SF,PG,C,C,12200,5000,4400,4900,3100,6300,7900,5800,246.31,368.25,55,Oct302016
Russell Westbrook,T.J. Warren,Kentavious Caldwell-Pope,Nick Young,Wesley Matthews,Mike Conley,Hassan Whiteside,Marc Gasol,OKC,PHO,DET,LAL,DAL,MEM,MIA,MEM,PG,SF,SG,SG,SG/SF,PG,C,C,12200,5000,4400,3300,4900,6600,8000,5600,254.99,368.25,56,Oct302016
Russell Westbrook,T.J. Warren,Kentavious Caldwell-Pope,Vince Carter,J.J. Barea,Mike Conley,Andre Drummond,Marc Gasol,OKC,PHO,DET,MEM,DAL,MEM,DET,MEM,PG,SF,SG,SG/SF,PG/SG,PG,C,C,12200,5000,4400,3100,4500,6600,7900,5600,257.13,368.0,57,Oct302016
Russell Westbrook,Kentavious Caldwell-Pope,Wesley Matthews,Vince Carter,J.J. Barea,Julius Randle,Mike Conley,Andre Drummond,OKC,DET,DAL,MEM,DAL,LAL,MEM,DET,PG,SG,SG/SF,SG/SF,PG/SG,PF,PG,C,12200,4400,4900,3100,4500,6100,6600,7900,247.7,368.0,58,Oct302016
Russell Westbrook,T.J. Warren,James Ennis,Kentavious Caldwell-Pope,Nick Young,Wesley Matthews,Hassan Whiteside,Andre Drummond,OKC,PHO,MEM,DET,LAL,DAL,MIA,DET,PG,SF,SF,SG,SG,SG/SF,C,C,12200,5000,4300,4400,3300,4900,8000,7900,259.6,368.0,59,Oct302016
Russell Westbrook,Kentavious Caldwell-Pope,Wesley Matthews,Vince Carter,J.J. Barea,Mike Conley,Hassan Whiteside,Pau Gasol,OKC,DET,DAL,MEM,DAL,MEM,MIA,SA,PG,SG,SG/SF,SG/SF,PG/SG,PG,C,C,12200,4400,4900,3100,4500,6600,8000,6100,244.68,368.0,60,Oct302016
Russell Westbrook,T.J. Warren,Wesley Matthews,Vince Carter,J.J. Barea,Julius Randle,Andre Drummond,Steven Adams,OKC,PHO,DAL,MEM,DAL,LAL,DET,OKC,PG,SF,SG/SF,SG/SF,PG/SG,PF,C,C,12200,5000,4900,3100,4500,6100,7900,5800,256.8,368.0,61,Oct302016
Russell Westbrook,T.J. Warren,Kentavious Caldwell-Pope,Wesley Matthews,Vince Carter,D'Angelo Russell,Andre Drummond,Steven Adams,OKC,PHO,DET,DAL,MEM,LAL,DET,OKC,PG,SF,SG,SG/SF,SG/SF,PG,C,C,12200,5000,4400,4900,3100,6700,7900,5800,246.13,367.75,62,Oct302016
Russell Westbrook,Justise Winslow,Kentavious Caldwell-Pope,Wesley Matthews,Vince Carter,Mike Conley,Andre Drummond,Steven Adams,OKC,MIA,DET,DAL,MEM,MEM,DET,OKC,PG,SF,SG,SG/SF,SG/SF,PG,C,C,12200,5000,4400,4900,3100,6600,7900,5800,241.23,367.75,63,Oct302016
Russell Westbrook,Joe Ingles,Kentavious Caldwell-Pope,Wesley Matthews,Vince Carter,Goran Dragic,Hassan Whiteside,Andre Drummond,OKC,UTA,DET,DAL,MEM,MIA,MIA,DET,PG,SF,SG,SG/SF,SG/SF,PG,C,C,12200,3000,4400,4900,3100,6300,8000,7900,242.29,367.75,64,Oct302016
Russell Westbrook,T.J. Warren,Kentavious Caldwell-Pope,Austin Rivers,Wesley Matthews,Vince Carter,Hassan Whiteside,Andre Drummond,OKC,PHO,DET,LAC,DAL,MEM,MIA,DET,PG,SF,SG,PG,SG/SF,SG/SF,C,C,12200,5000,4400,3300,4900,3100,8000,7900,249.69,367.75,65,Oct302016
Russell Westbrook,Kentavious Caldwell-Pope,Wesley Matthews,Vince Carter,David Lee,Goran Dragic,Hassan Whiteside,Andre Drummond,OKC,DET,DAL,MEM,SA,MIA,MIA,DET,PG,SG,SG/SF,SG/SF,PF,PG,C,C,12200,4400,4900,3100,3200,6300,8000,7900,258.92,367.75,66,Oct302016
Russell Westbrook,T.J. Warren,Wesley Matthews,Vince Carter,J.J. Barea,Goran Dragic,Andre Drummond,Pau Gasol,OKC,PHO,DAL,MEM,DAL,MIA,DET,SA,PG,SF,SG/SF,SG/SF,PG/SG,PG,C,C,12200,5000,4900,3100,4500,6300,7900,6100,259.09,367.75,67,Oct302016
Russell Westbrook,T.J. Warren,Kentavious Caldwell-Pope,Austin Rivers,Vince Carter,Julius Randle,Hassan Whiteside,Andre Drummond,OKC,PHO,DET,LAC,MEM,LAL,MIA,DET,PG,SF,SG,PG,SG/SF,PF,C,C,12200,5000,4400,3300,3100,6100,8000,7900,254.74,367.75,68,Oct302016
Russell Westbrook,T.J. Warren,Kentavious Caldwell-Pope,Wesley Matthews,Vince Carter,Zach Randolph,Andre Drummond,Pau Gasol,OKC,PHO,DET,DAL,MEM,MEM,DET,SA,PG,SF,SG,SG/SF,SG/SF,PF,C,C,12200,5000,4400,4900,3100,5800,7900,6100,249.22,367.5,69,Oct302016
Russell Westbrook,T.J. Warren,Wesley Matthews,J.J. Barea,Mike Conley,David Lee,Andre Drummond,Marc Gasol,OKC,PHO,DAL,DAL,MEM,SA,DET,MEM,PG,SF,SG/SF,PG/SG,PG,PF,C,C,12200,5000,4900,4500,6600,3200,7900,5600,275.66,367.5,70,Oct302016
Russell Westbrook,Justise Winslow,T.J. Warren,Kentavious Caldwell-Pope,Wesley Matthews,J.J. Barea,Andre Drummond,Steven Adams,OKC,MIA,PHO,DET,DAL,DAL,DET,OKC,PG,SF,SF,SG,SG/SF,PG/SG,C,C,12200,5000,5000,4400,4900,4500,7900,5800,256.03,367.5,71,Oct302016
Russell Westbrook,T.J. Warren,Kentavious Caldwell-Pope,Nick Young,Wesley Matthews,Julius Randle,Andre Drummond,Steven Adams,OKC,PHO,DET,LAL,DAL,LAL,DET,OKC,PG,SF,SG,SG,SG/SF,PF,C,C,12200,5000,4400,3300,4900,6100,7900,5800,248.61,367.5,72,Oct302016
Russell Westbrook,T.J. Warren,Joe Ingles,Wesley Matthews,J.J. Barea,Mike Conley,Andre Drummond,Marc Gasol,OKC,PHO,UTA,DAL,DAL,MEM,DET,MEM,PG,SF,SF,SG/SF,PG/SG,PG,C,C,12200,5000,3000,4900,4500,6600,7900,5600,259.03,367.5,73,Oct302016
Russell Westbrook,Wesley Matthews,Vince Carter,J.J. Barea,Julius Randle,David Lee,Hassan Whiteside,Andre Drummond,OKC,DAL,MEM,DAL,LAL,SA,MIA,DET,PG,SG/SF,SG/SF,PG/SG,PF,PF,C,C,12200,4900,3100,4500,6100,3200,8000,7900,269.41,367.5,74,Oct302016
Russell Westbrook,Joe Ingles,Wesley Matthews,Vince Carter,J.J. Barea,Julius Randle,Hassan Whiteside,Andre Drummond,OKC,UTA,DAL,MEM,DAL,LAL,MIA,DET,PG,SF,SG/SF,SG/SF,PG/SG,PF,C,C,12200,3000,4900,3100,4500,6100,8000,7900,252.78,367.5,75,Oct302016
Russell Westbrook,T.J. Warren,Kentavious Caldwell-Pope,Vince Carter,J.J. Barea,Mike Conley,Hassan Whiteside,Pau Gasol,OKC,PHO,DET,MEM,DAL,MEM,MIA,SA,PG,SF,SG,SG/SF,PG/SG,PG,C,C,12200,5000,4400,3100,4500,6600,8000,6100,249.96,367.25,76,Oct302016
Russell Westbrook,T.J. Warren,Joe Ingles,Kentavious Caldwell-Pope,Wesley Matthews,Mike Conley,Hassan Whiteside,Steven Adams,OKC,PHO,UTA,DET,DAL,MEM,MIA,OKC,PG,SF,SF,SG,SG/SF,PG,C,C,12200,5000,3000,4400,4900,6600,8000,5800,239.08,367.25,77,Oct302016
Russell Westbrook,T.J. Warren,Kentavious Caldwell-Pope,Wesley Matthews,Vince Carter,J.J. Barea,Mike Conley,Andre Drummond,OKC,PHO,DET,DAL,MEM,DAL,MEM,DET,PG,SF,SG,SG/SF,SG/SF,PG/SG,PG,C,12200,5000,4400,4900,3100,4500,6600,7900,247.93,367.25,78,Oct302016
Russell Westbrook,T.J. Warren,Kentavious Caldwell-Pope,Vince Carter,J.J. Barea,Julius Randle,Mike Conley,Andre Drummond,OKC,PHO,DET,MEM,DAL,LAL,MEM,DET,PG,SF,SG,SG/SF,PG/SG,PF,PG,C,12200,5000,4400,3100,4500,6100,6600,7900,252.98,367.25,79,Oct302016
Russell Westbrook,Kentavious Caldwell-Pope,Nick Young,Wesley Matthews,Vince Carter,Zach Randolph,Hassan Whiteside,Andre Drummond,OKC,DET,LAL,DAL,MEM,MEM,MIA,DET,PG,SG,SG,SG/SF,SG/SF,PF,C,C,12200,4400,3300,4900,3100,5800,8000,7900,252.07,367.25,80,Oct302016
Russell Westbrook,T.J. Warren,Kentavious Caldwell-Pope,Wesley Matthews,Vince Carter,Goran Dragic,Andre Drummond,Marc Gasol,OKC,PHO,DET,DAL,MEM,MIA,DET,MEM,PG,SF,SG,SG/SF,SG/SF,PG,C,C,12200,5000,4400,4900,3100,6300,7900,5600,253.81,367.25,81,Oct302016
Russell Westbrook,T.J. Warren,Joe Ingles,Kentavious Caldwell-Pope,Wesley Matthews,Julius Randle,Andre Drummond,Pau Gasol,OKC,PHO,UTA,DET,DAL,LAL,DET,SA,PG,SF,SF,SG,SG/SF,PF,C,C,12200,5000,3000,4400,4900,6100,7900,6100,241.74,367.25,82,Oct302016
Russell Westbrook,Kentavious Caldwell-Pope,Austin Rivers,Vince Carter,J.J. Barea,Mike Conley,Hassan Whiteside,Andre Drummond,OKC,DET,LAC,MEM,DAL,MEM,MIA,DET,PG,SG,PG,SG/SF,PG/SG,PG,C,C,12200,4400,3300,3100,4500,6600,8000,7900,253.53,367.25,83,Oct302016
Russell Westbrook,T.J. Warren,Kentavious Caldwell-Pope,Wesley Matthews,Julius Randle,David Lee,Andre Drummond,Pau Gasol,OKC,PHO,DET,DAL,LAL,SA,DET,SA,PG,SF,SG,SG/SF,PF,PF,C,C,12200,5000,4400,4900,6100,3200,7900,6100,258.37,367.25,84,Oct302016
Russell Westbrook,T.J. Warren,Joe Ingles,Kentavious Caldwell-Pope,Vince Carter,Goran Dragic,Hassan Whiteside,Andre Drummond,OKC,PHO,UTA,DET,MEM,MIA,MIA,DET,PG,SF,SF,SG,SG/SF,PG,C,C,12200,5000,3000,4400,3100,6300,8000,7900,247.57,367.0,85,Oct302016
Russell Westbrook,Justise Winslow,T.J. Warren,Kentavious Caldwell-Pope,Vince Carter,Mike Conley,Andre Drummond,Steven Adams,OKC,MIA,PHO,DET,MEM,MEM,DET,OKC,PG,SF,SF,SG,SG/SF,PG,C,C,12200,5000,5000,4400,3100,6600,7900,5800,246.51,367.0,86,Oct302016
Russell Westbrook,T.J. Warren,Nick Young,Wesley Matthews,J.J. Barea,Julius Randle,Andre Drummond,Pau Gasol,OKC,PHO,LAL,DAL,DAL,LAL,DET,SA,PG,SF,SG,SG/SF,PG/SG,PF,C,C,12200,5000,3300,4900,4500,6100,7900,6100,261.39,367.0,87,Oct302016
Russell Westbrook,T.J. Warren,Wesley Matthews,Vince Carter,J.J. Barea,Zach Randolph,Mike Conley,Andre Drummond,OKC,PHO,DAL,MEM,DAL,MEM,MEM,DET,PG,SF,SG/SF,SG/SF,PG/SG,PF,PG,C,12200,5000,4900,3100,4500,5800,6600,7900,262.36,367.0,88,Oct302016
Russell Westbrook,Kentavious Caldwell-Pope,Nick Young,Wesley Matthews,J.J. Barea,Mike Conley,Andre Drummond,Steven Adams,OKC,DET,LAL,DAL,DAL,MEM,DET,OKC,PG,SG,SG,SG/SF,PG/SG,PG,C,C,12200,4400,3300,4900,4500,6600,7900,5800,247.4,367.0,89,Oct302016
Russell Westbrook,Justise Winslow,Joe Ingles,Kentavious Caldwell-Pope,Wesley Matthews,J.J. Barea,Hassan Whiteside,Andre Drummond,OKC,MIA,UTA,DET,DAL,DAL,MIA,DET,PG,SF,SF,SG,SG/SF,PG/SG,C,C,12200,5000,3000,4400,4900,4500,8000,7900,252.01,367.0,90,Oct302016
Russell Westbrook,Joe Ingles,Kentavious Caldwell-Pope,Nick Young,Wesley Matthews,Julius Randle,Hassan Whiteside,Andre Drummond,OKC,UTA,DET,LAL,DAL,LAL,MIA,DET,PG,SF,SG,SG,SG/SF,PF,C,C,12200,3000,4400,3300,4900,6100,8000,7900,244.59,367.0,91,Oct302016
Russell Westbrook,Kentavious Caldwell-Pope,Nick Young,Wesley Matthews,Julius Randle,David Lee,Hassan Whiteside,Andre Drummond,OKC,DET,LAL,DAL,LAL,SA,MIA,DET,PG,SG,SG,SG/SF,PF,PF,C,C,12200,4400,3300,4900,6100,3200,8000,7900,261.22,367.0,92,Oct302016
Russell Westbrook,T.J. Warren,Wesley Matthews,Vince Carter,J.J. Barea,Julius Randle,Andre Drummond,Marc Gasol,OKC,PHO,DAL,MEM,DAL,LAL,DET,MEM,PG,SF,SG/SF,SG/SF,PG/SG,PF,C,C,12200,5000,4900,3100,4500,6100,7900,5600,264.3,367.0,93,Oct302016
Russell Westbrook,T.J. Warren,Wesley Matthews,Vince Carter,J.J. Barea,Jared Dudley,Hassan Whiteside,Andre Drummond,OKC,PHO,DAL,MEM,DAL,PHO,MIA,DET,PG,SF,SG/SF,SG/SF,PG/SG,PF,C,C,12200,5000,4900,3100,4500,3600,8000,7900,261.98,367.0,94,Oct302016
Russell Westbrook,T.J. Warren,Kentavious Caldwell-Pope,Wesley Matthews,Vince Carter,Julius Randle,Hassan Whiteside,Steven Adams,OKC,PHO,DET,DAL,MEM,LAL,MIA,OKC,PG,SF,SG,SG/SF,SG/SF,PF,C,C,12200,5000,4400,4900,3100,6100,8000,5800,244.35,366.75,95,Oct302016
Russell Westbrook,Justise Winslow,Kentavious Caldwell-Pope,Wesley Matthews,Vince Carter,Mike Conley,Andre Drummond,Marc Gasol,OKC,MIA,DET,DAL,MEM,MEM,DET,MEM,PG,SF,SG,SG/SF,SG/SF,PG,C,C,12200,5000,4400,4900,3100,6600,7900,5600,248.73,366.75,96,Oct302016
Russell Westbrook,T.J. Warren,Wesley Matthews,Vince Carter,J.J. Barea,David Lee,Hassan Whiteside,Andre Drummond,OKC,PHO,DAL,MEM,DAL,SA,MIA,DET,PG,SF,SG/SF,SG/SF,PG/SG,PF,C,C,12200,5000,4900,3100,4500,3200,8000,7900,269.64,366.75,97,Oct302016
Russell Westbrook,T.J. Warren,Kentavious Caldwell-Pope,Wesley Matthews,Vince Carter,D'Angelo Russell,Andre Drummond,Marc Gasol,OKC,PHO,DET,DAL,MEM,LAL,DET,MEM,PG,SF,SG,SG/SF,SG/SF,PG,C,C,12200,5000,4400,4900,3100,6700,7900,5600,253.63,366.75,98,Oct302016
Russell Westbrook,Tyson Chandler,T.J. Warren,Kentavious Caldwell-Pope,Wesley Matthews,Vince Carter,John Wall,Andre Drummond,OKC,PHO,PHO,DET,DAL,MEM,WAS,DET,PG,C,SF,SG,SG/SF,SG/SF,PG,C,12200,4300,5000,4400,4900,3100,8200,7900,257.52,366.75,99,Oct302016
Russell Westbrook,T.J. Warren,Vince Carter,J.J. Barea,Julius Randle,David Lee,Hassan Whiteside,Andre Drummond,OKC,PHO,MEM,DAL,LAL,SA,MIA,DET,PG,SF,SG/SF,PG/SG,PF,PF,C,C,12200,5000,3100,4500,6100,3200,8000,7900,274.69,366.75,100,Oct302016
