Name,Salary,Projected,Scored,Override
A.J. Hammons,0.0,1.94981650346,3.34217024557,0.0
Aaron Brooks,0.0,4.21953698978,6.35454200408,0.0
Aaron Gordon,705.889894379,5.31220952005,6.74789084974,0.0
Aaron Harrison,0.0,1.05922220212,0.747376363402,0.0
Adreian Payne,0.0,4.42696692671,6.0764923159,0.0
Al Horford,337.044938814,18.6608778337,20.1991305725,0.0
Al Jefferson,215.709555293,3.57032325753,7.73115879584,0.0
Al-Farouq Aminu,282.001432313,11.4636895116,11.6891367918,0.0
Alan Anderson,0.0,2.06956345589,2.60955856772,0.0
Alan Williams,369.224228095,7.3233228323,11.2118923743,0.0
Alec Burks,69.9854212224,0.0,0.0,0.0
Alex Abrines,0.0,3.20827981903,4.69238811328,0.0
Alex Len,437.991706193,6.24861344293,10.703489799,0.0
Alexis Ajinca,87.5336608385,4.9227232068,6.9629554694,0.0
Allen Crabbe,220.792043527,3.12895103688,7.37346082436,0.0
Alonzo Gee,0.0,4.03516395555,6.07702434319,0.0
Amir Johnson,484.877698991,4.10293043087,9.62439553228,0.0
Anderson Varejao,0.0,2.54314922762,3.73267743646,0.0
Andre Drummond,298.437358104,8.60945444743,13.8548450287,0.0
Andre Iguodala,93.2082764857,3.77087193009,6.78705404164,0.0
Andre Roberson,305.85306814,2.57050357955,8.19438459128,0.0
Andrew Bogut,295.594124645,10.1355102178,11.4806681098,0.0
Andrew Harrison,809.008480157,7.19763690901,9.73843437481,0.0
Andrew Nicholson,88.5743226224,4.60353050822,6.00816674476,0.0
Andrew Wiggins,481.9986463,4.33158658876,12.3227683808,0.0
Anthony Bennett,84.0979415213,4.31130037435,7.42436906671,0.0
Anthony Brown,0.0,5.8517643763,8.06878325139,0.0
Anthony Davis,371.860918875,16.5286694618,22.7820370118,0.0
Anthony Morrow,100.970468262,4.95564925862,7.59397390806,0.0
Anthony Tolliver,0.0,3.43167749781,5.24779837218,0.0
Archie Goodwin,0.0,3.55947604248,4.05268336096,0.0
Arinze Onuaku,0.0,1.05601723385,0.577431902314,0.0
Aron Baynes,434.486225953,1.95505011836,6.74399906425,0.0
Arron Afflalo,298.950545361,3.53921181125,7.23335527756,0.0
Austin Rivers,57.1428571429,3.77610195296,8.42403025364,0.0
Avery Bradley,667.468489441,3.10909096541,8.04871443636,0.0
Ben McLemore,19.7948663722,3.76862982734,7.2527264402,0.0
Ben Simmons,0.0,0.0,0.0,0.0
Beno Udrih,105.647468649,3.60504648805,7.66695151612,0.0
Bismack Biyombo,406.304019497,6.47637527106,8.91653098951,0.0
Blake Griffin,261.736742642,12.181752858,14.3739560402,0.0
Boban Marjanovic,0.0,2.45974664234,3.55023473402,0.0
Bobby Brown,0.0,0.345653616738,0.638714228175,0.0
Bobby Portis,154.311557369,3.45345646054,6.58387476452,0.0
Bojan Bogdanovic,232.108586949,2.76463176432,7.52289580897,0.0
Boris Diaw,169.705627485,6.52913345502,8.32157265357,0.0
Bradley Beal,681.374002587,12.6640944299,14.9352224478,0.0
Brandan Wright,38.836781869,0.0,0.0,0.0
Brandon Bass,0.0,3.33155956616,4.46414285486,0.0
Brandon Ingram,458.722438226,6.23818329465,6.36236861958,0.0
Brandon Jennings,469.476477862,2.97389825938,7.79911036266,0.0
Brandon Knight,506.287004191,3.3733759509,8.10486122708,0.0
Brandon Rush,0.0,2.80284806393,3.31085617583,0.0
Brian Roberts,0.0,1.12209236042,1.74127562905,0.0
Brice Johnson,0.0,0.0,0.0,0.0
Brook Lopez,310.710577229,10.9530049612,14.4412101544,0.0
Bruno Caboclo,0.0,1.61351731338,1.85894425921,0.0
Bryn Forbes,0.0,0.892600690627,2.02860746005,0.0
Buddy Hield,274.644978569,5.67154577901,8.10566646294,0.0
C.J. McCollum,319.109522721,3.66999768649,11.0214992239,0.0
C.J. Miles,745.752598906,10.6666764405,11.7494507036,0.0
C.J. Watson,0.0,3.10362715356,4.73423596751,0.0
C.J. Wilcox,0.0,1.6153092994,2.3003418003,0.0
Cameron Jones,0.0,0.0,0.0,0.0
Cameron Payne,60.582280957,0.0,0.0,0.0
Caris LeVert,0.0,1.56265252009,3.31913643387,0.0
Carmelo Anthony,160.814254623,3.19436841191,11.1750907406,0.0
Chandler Parsons,1039.69481541,7.65380746938,6.59024829191,0.0
Channing Frye,210.506285906,8.00787969498,10.6266399058,0.0
Chasson Randle,0.0,0.0,0.0,0.0
Cheick Diallo,0.0,3.269564318,7.51063223244,0.0
Chinanu Onuaku,0.0,0.0,0.0,0.0
Chris Andersen,0.0,3.23842077766,5.12441663776,0.0
Chris Bosh,0.0,0.0,0.0,0.0
Chris Johnson,0.0,0.0,0.0,0.0
Chris McCullough,0.0,3.26180087184,5.08314920075,0.0
Chris Paul,224.463078187,2.9914633918,11.0539216423,0.0
Christian Wood,0.0,1.20361116509,0.494871659305,0.0
Clint Capela,396.438041272,3.77078344664,7.04531935562,0.0
Cody Zeller,246.576560119,7.65626327571,10.1290952917,0.0
Cole Aldrich,274.152465734,3.11089357987,8.13924011256,0.0
Corey Brewer,112.27815005,2.30548248054,4.50526681541,0.0
Cory Jefferson,0.0,0.0,0.0,0.0
Cory Joseph,108.830012548,3.38883900285,6.72519740542,0.0
Courtney Lee,96.974644277,5.66068648033,8.58229073649,0.0
Cristiano Felicio,0.0,3.9797761796,6.20280049998,0.0
D'Angelo Russell,265.300483623,15.0631962664,16.7431108521,0.0
D.J. Augustin,434.971956933,2.9944583558,5.79016563662,0.0
Dahntay Jones,0.0,0.0,0.0,0.0
Damian Jones,0.0,0.0,0.194183909345,0.0
Damian Lillard,400.314341895,2.06130202487,12.553456625,0.0
Damien Inglis,0.0,0.0,0.0,0.0
Damjan Rudez,0.0,2.47346536666,4.45164229868,0.0
Daniel Ochefu,0.0,0.703628140701,0.852815739765,0.0
Danilo Gallinari,222.196823945,9.78692050126,10.9215663824,0.0
Danny Green,208.336879402,9.37903649273,10.3886360445,0.0
Dante Cunningham,157.13306271,7.13514096929,9.5882274866,0.0
Dante Exum,257.015841646,3.61973421056,6.22290043275,0.0
Danuel House,0.0,0.253607022259,0.257730713678,0.0
Dario Saric,322.895067305,5.32714383021,10.4852374356,0.0
Darrell Arthur,54.8095031236,5.9715821443,6.59324019937,0.0
Darren Collison,346.410161514,12.6761281284,12.8042563076,0.0
Darrun Hilliard,0.0,3.22243324494,5.29824133433,0.0
David Lee,272.498292011,4.28369742775,7.33567016281,0.0
David West,19.4183909345,2.84813148242,6.22325347879,0.0
Davis Bertans,40.3881873047,2.92133992379,6.58290688986,0.0
DeAndre Jordan,398.896436869,2.74864846937,8.10212872003,0.0
DeAndre Liggins,0.0,4.15932384426,7.00412329481,0.0
DeAndre' Bembry,0.0,1.19012604374,1.679589357,0.0
DeMar DeRozan,448.460724341,3.4883512078,7.8200052602,0.0
DeMarcus Cousins,494.772675074,4.71771245155,16.2640331871,0.0
DeMarre Carroll,433.360610162,7.76016751254,10.986890762,0.0
Dejounte Murray,0.0,1.09440282949,2.6204156186,0.0
Delon Wright,0.0,0.0,0.0,0.0
Demetrius Jackson,0.0,2.84073181936,3.11112166496,0.0
Dennis Schroder,376.7530453,3.29733265114,9.84820505763,0.0
Denzel Valentine,44.3631052383,3.15518980333,4.07148828366,0.0
Deron Williams,562.274383437,14.516225252,14.9345758511,0.0
Derrick Favors,332.314087967,13.7791097369,14.1729333878,0.0
Derrick Jones Jr.,0.0,0.0,0.0,0.0
Derrick Rose,326.415285757,8.67878063475,12.8167062533,0.0
Derrick Williams,239.045721867,5.67012579495,7.89042302479,0.0
Devin Booker,311.048260577,9.07010621633,11.0784493868,0.0
Devin Harris,0.0,4.15797277392,5.35180754247,0.0
Dewayne Dedmon,261.711497266,7.87669899493,9.34830715323,0.0
Deyonta Davis,0.0,3.06036768658,6.47724873162,0.0
Diamond Stone,0.0,0.814125698563,2.08981983405,0.0
Dion Waiters,609.529761876,12.4991661044,15.8813007744,0.0
Dirk Nowitzki,327.871926215,12.6012879,11.2296308902,0.0
Domantas Sabonis,344.768397953,4.31711074826,7.06090525207,0.0
Donatas Motiejunas,0.0,0.0,0.0,0.0
Dorian Finney-Smith,20.1940936523,5.18948028937,9.23882783238,0.0
Doug McDermott,147.256229624,7.47297845005,9.939355117,0.0
Dragan Bender,0.0,2.90118073078,5.61862791007,0.0
Draymond Green,237.254278697,8.23995384493,11.6644134325,0.0
Dwight Howard,285.714285714,8.19209241418,13.912789594,0.0
Dwight Powell,461.707438607,5.57227476883,7.00872524857,0.0
Dwyane Wade,206.112274024,10.0074146625,13.774104436,0.0
E'Twaun Moore,257.027913691,7.58383069988,8.99088800504,0.0
Ed Davis,281.505387193,4.55848639168,7.67296478159,0.0
Elfrid Payton,548.850437199,2.5896889463,12.3983993092,0.0
Elliot Williams,0.0,0.0,0.0,0.0
Emmanuel Mudiay,466.231089237,7.45704604206,13.0029431519,0.0
Enes Kanter,517.700863817,2.92367736963,11.0095411152,0.0
Eric Bledsoe,383.453693024,5.38831137079,12.0901629772,0.0
Eric Gordon,272.07503137,2.5283571531,8.56410950603,0.0
Ersan Ilyasova,488.228785447,6.38650521149,12.688352364,0.0
Evan Fournier,330.751691983,2.2035545123,9.21393953473,0.0
Evan Turner,305.550790891,3.31716346374,7.91948256221,0.0
Festus Ezeli,57.1877631279,0.0,0.0,0.0
Frank Kaminsky,457.963549035,7.77630729216,10.7654777044,0.0
Fred VanVleet,0.0,1.16011982751,2.08206521689,0.0
Garrett Temple,106.44534863,2.09748942251,7.35107933211,0.0
Gary Harris,353.96298665,7.05042993623,8.30973120221,0.0
George Hill,448.780660939,16.4306339376,17.7532520735,0.0
Georges Niang,0.0,1.4178434904,2.48657620524,0.0
Georgios Papagiannis,0.0,0.0,0.544358825236,0.0
Gerald Green,0.0,3.34846254547,5.76919206888,0.0
Gerald Henderson,104.900341432,4.54492287265,9.14127218405,0.0
Giannis Antetokounmpo,466.542426526,4.28474070377,11.1939532504,0.0
Glenn Robinson III,776.659513558,6.92251286214,10.5418311541,0.0
Goran Dragic,485.310756745,14.849257215,17.9411282152,0.0
Gordon Hayward,568.506816142,17.8310190811,19.1916329558,0.0
Gorgui Dieng,381.393488287,3.80523433356,9.41102416778,0.0
Grant Jerrett,0.0,0.0,0.0,0.0
Greg Monroe,788.516616252,7.70175842899,11.423152183,0.0
Greg Stiemsma,0.0,0.0,0.0,0.0
Greivis Vasquez,161.245154966,4.51923887397,4.07021702943,0.0
Guillermo Hernangomez,183.450780724,5.38712130324,8.32023926709,0.0
Harrison Barnes,417.502707342,3.99675071928,9.13122783685,0.0
Hassan Whiteside,383.411113079,3.66477315611,13.3627413783,0.0
Henry Ellenson,0.0,1.19151651851,1.28894826583,0.0
Henry Sims,0.0,0.0,0.0,0.0
Hollis Thompson,98.9743318611,3.12932531034,8.93830326774,0.0
Ian Clark,19.4183909345,3.86600803149,8.27581203609,0.0
Ian Mahinmi,0.0,0.0,1.08246899745,0.0
Iman Shumpert,291.964259737,4.53903476249,7.43232326904,0.0
Isaiah Canaan,103.056137012,3.87955716929,7.30235285846,0.0
Isaiah Thomas,270.50648581,13.9389809807,15.2309896334,0.0
Isaiah Whitehead,362.226075081,7.09322864149,8.81880128128,0.0
Ish Smith,419.868542237,3.5589363444,8.96644069983,0.0
Ivica Zubac,0.0,3.47345988173,2.31102694977,0.0
J.J. Barea,744.328437382,14.6383867024,15.2921860116,0.0
J.J. Redick,365.892813568,5.35182358393,9.09297777947,0.0
J.P. Tokoto,0.0,0.0,0.0,0.0
J.R. Smith,270.30638008,8.52293649581,10.1404773647,0.0
JaMychal Green,732.081064341,4.60233288932,8.69328202337,0.0
JaVale McGee,0.0,3.99028656588,6.84671784499,0.0
Jabari Parker,257.524446567,2.8566178441,9.94574654795,0.0
Jae Crowder,241.412803811,13.4867054055,13.8975122461,0.0
Jahlil Okafor,296.537845608,8.95393730747,11.3028531706,0.0
Jake Layman,0.0,3.17185504563,5.67084258514,0.0
Jakob Poeltl,104.423442383,3.2005029525,5.830153642,0.0
Jamal Crawford,171.428571429,2.67204313787,6.9141971659,0.0
Jamal Murray,436.198793849,6.7458535231,10.3735043181,0.0
Jameer Nelson,651.603986407,5.70420373452,10.6550457531,0.0
James Ennis,426.798386531,10.2610091339,11.6429569464,0.0
James Harden,344.536897529,3.4507381264,8.84830166619,0.0
James Johnson,702.229685083,9.1741282542,11.7400239891,0.0
James Jones,0.0,2.47733220248,3.81456053734,0.0
James Michael McAdoo,0.0,1.93907349865,2.52664906651,0.0
James Young,0.0,2.55289947798,4.66424788507,0.0
Jared Dudley,240.950498769,4.89704283945,8.17786958935,0.0
Jared Sullinger,0.0,0.0,0.0,0.0
Jarell Martin,97.3246964081,4.69224971529,8.02219888574,0.0
Jarnell Stokes,0.0,0.992192028614,2.78135411912,0.0
Jason Smith,45.2582498418,1.69466842267,3.54668655328,0.0
Jason Terry,20.6184570942,3.68415455466,5.67969516771,0.0
Jaylen Brown,406.136440757,4.70679657969,8.06827580516,0.0
Jeff Green,240.537357205,4.24877419994,8.22256510604,0.0
Jeff Teague,367.80651524,2.99351696784,10.4899660512,0.0
Jeff Withey,0.0,2.97236677496,5.8048537045,0.0
Jerami Grant,374.355237671,5.33395306683,6.01501519544,0.0
Jeremy Lamb,491.661074568,9.21921875481,13.5307887759,0.0
Jeremy Lin,313.003218023,13.1472390739,14.7212915575,0.0
Jerian Grant,373.216800455,5.73220612476,8.84708049773,0.0
Jerryd Bayless,261.986134545,5.30408030844,7.56916408185,0.0
Jimmy Butler,656.865002269,4.47081217731,11.6491208614,0.0
Joakim Noah,496.945773743,8.70421735923,11.86451578,0.0
Jodie Meeks,0.0,6.33002169512,8.79582377251,0.0
Joe Harris,196.589274873,3.48463370777,6.78855957202,0.0
Joe Ingles,292.602676903,3.1942025545,10.5487401318,0.0
Joe Johnson,622.647408987,5.16248328159,8.8396486217,0.0
Joe Young,0.0,2.86317893829,6.35914896116,0.0
Joel Anthony,0.0,0.0,0.0,0.0
Joel Bolomboy,0.0,1.41642112958,2.28026135273,0.0
Joel Embiid,578.724847384,18.1114628084,18.4751791574,0.0
Joffrey Lauvergne,40.3881873047,4.29493002692,8.33089503335,0.0
John Henson,628.870623316,6.25792066221,11.1627615928,0.0
John Holland,0.0,0.0,0.0,0.0
John Jenkins,0.0,0.531850830706,0.925599640167,0.0
John Lucas III,0.0,1.75718782222,0.0,0.0
John Wall,363.238253747,14.0914565819,16.6533062392,0.0
Jon Leuer,495.424007502,2.43123664292,6.96922777262,0.0
Jonas Jerebko,27.9310193865,1.3149966966,4.5282799327,0.0
Jonas Valanciunas,579.297079557,8.01445338876,12.020220663,0.0
Jonathan Gibson,374.412360085,7.02926401662,11.4089371176,0.0
Jonathan Holmes,0.0,0.0,0.0,0.0
Jonathon Simmons,404.145188433,4.3901766552,6.81944835647,0.0
Jordan Clarkson,439.680971948,3.73147430504,7.56267776905,0.0
Jordan Farmar,0.0,8.45009033482,12.2494897853,0.0
Jordan Hill,63.0208791249,2.16726123866,1.36310132153,0.0
Jordan McRae,85.8978202166,3.53261601346,4.91875052888,0.0
Jordan Mickey,0.0,2.6157078358,3.4683057108,0.0
Jose Calderon,223.74738676,8.15593282535,8.49368779477,0.0
Josh Huestis,0.0,0.0,0.0,0.0
Josh McRoberts,302.209550221,8.03493724243,8.72554307999,0.0
Josh Richardson,354.469998155,11.1337974452,12.1852453435,0.0
Jrue Holiday,251.241262427,16.3346633851,16.3818643287,0.0
Juancho Hernangomez,19.7948663722,4.8002638703,8.41987444766,0.0
Julius Randle,289.484951917,10.6977235508,13.6573125937,0.0
Justin Anderson,206.927883419,2.02260417768,7.37003228531,0.0
Justin Hamilton,263.091982592,5.95951662923,9.35618320958,0.0
Justin Holiday,365.803560532,3.12489553132,7.56734391167,0.0
Justise Winslow,257.650292974,12.3048237165,13.7118822299,0.0
Jusuf Nurkic,848.470412458,5.67459141746,10.9446660198,0.0
K.J. McDaniels,0.0,3.92407008906,6.10236990355,0.0
Karl-Anthony Towns,342.679264056,2.44149239327,11.6300416125,0.0
Kawhi Leonard,448.618841834,3.26272554993,8.7572664863,0.0
Kay Felder,21.0707054941,2.16198053434,4.48700260631,0.0
Kelly Olynyk,557.349349934,8.94275299925,11.0531787973,0.0
Kelly Oubre Jr.,177.584435929,4.14111987467,9.85289138269,0.0
Kemba Walker,332.608736248,4.13302676063,9.39550478708,0.0
Kenneth Faried,412.142238177,3.69803972341,12.0116185251,0.0
Kent Bazemore,244.248117408,8.45864720211,11.657195378,0.0
Kentavious Caldwell-Pope,379.826903499,6.51441632538,11.5750388068,0.0
Kevin Durant,397.370694793,2.76111809822,9.61769693162,0.0
Kevin Love,361.579808226,4.17775091986,10.4991694024,0.0
Kevin Seraphin,54.8095031236,4.05432082941,8.23751993587,0.0
Kevon Looney,0.0,3.25800501561,5.61074740345,0.0
Khris Middleton,0.0,0.0,0.0,0.0
Klay Thompson,245.256660588,2.23101124188,10.9493727308,0.0
Kosta Koufos,127.775313,3.25085719308,7.28855686844,0.0
Kris Dunn,772.935364707,6.65954948107,8.00487440154,0.0
Kris Humphries,0.0,2.9866569667,7.74383230549,0.0
Kristaps Porzingis,385.110638754,2.4692817761,10.4547323529,0.0
Kyle Anderson,287.042883593,5.35818918218,7.61594043824,0.0
Kyle Korver,206.189926316,5.91817202887,8.56550986128,0.0
Kyle Lowry,289.99266315,4.22357414355,8.34447172284,0.0
Kyle O'Quinn,477.134302746,5.36849059469,11.5888493204,0.0
Kyle Singler,0.0,2.95592010252,3.54453367478,0.0
Kyle Wiltjer,0.0,0.38333156028,1.0352283299,0.0
Kyrie Irving,212.356157012,8.34647707075,10.3297124757,0.0
LaMarcus Aldridge,367.471714548,10.2412852332,11.9090636858,0.0
Lance Stephenson,491.241978376,7.05628299251,13.1634901347,0.0
Lance Thomas,43.5187034621,4.46346500342,5.74690688767,0.0
Langston Galloway,401.524245167,4.77597786375,10.2347493505,0.0
Larry Nance Jr.,499.587530778,6.66174340224,10.1545447891,0.0
Lavoy Allen,19.7948663722,2.06805613156,4.14389149649,0.0
LeBron James,299.682707473,11.2476301098,16.5152125721,0.0
Leandro Barbosa,61.8094504365,3.73123714232,8.72277104445,0.0
Livio Jean-Charles,0.0,0.0,0.0,0.0
Lou Williams,859.492968048,5.38352392391,10.8467100127,0.0
Louis Amundson,0.0,0.0,0.0,0.0
Luc Richard Mbah a Moute,85.1409395757,2.60017895773,6.15157189137,0.0
Lucas Nogueira,445.943099764,8.36974387832,11.1306265157,0.0
Luis Scola,159.83082844,3.33328115901,8.50791049922,0.0
Luke Babbitt,62.0730313783,6.29294617741,6.23068443844,0.0
Luol Deng,429.421140285,3.11575927104,8.81973558839,0.0
Malachi Richardson,0.0,0.346408747592,0.692820323028,0.0
Malcolm Brogdon,168.54019432,4.12233159484,7.14827434329,0.0
Malcolm Delaney,0.0,3.20073139601,4.87029731314,0.0
Malik Beasley,0.0,2.33816254389,4.02662060162,0.0
Manu Ginobili,253.066301967,5.86955524068,8.3985392178,0.0
Marc Gasol,594.96378079,10.6707743693,14.8296002556,0.0
Marcelo Huertas,174.471348858,4.42837420655,7.50879986893,0.0
Marcin Gortat,341.805380113,2.26090025249,8.17842986006,0.0
Marco Belinelli,280.989505215,4.26524827614,8.2357111882,0.0
Marcus Morris,316.871014482,3.57268360969,7.53063752336,0.0
Marcus Smart,405.284244881,9.90667042813,10.7493814765,0.0
Marcus Thornton,566.4705543,4.41723760051,7.59767317546,0.0
Mario Hezonja,207.113320677,4.7397985237,6.29237520108,0.0
Markel Brown,0.0,0.0,0.0,0.0
Markieff Morris,380.033052211,3.5234242238,10.1273294571,0.0
Marquese Chriss,124.539969815,3.27891096903,7.08185378705,0.0
Marreese Speights,232.677406531,2.79747332062,9.31454863783,0.0
Marshall Plumlee,0.0,1.47834159704,2.72273122179,0.0
Marvin Williams,392.293101585,11.116698629,11.4275178086,0.0
Mason Plumlee,428.47624646,1.89222603224,9.02379609017,0.0
Matt Barnes,297.856286398,4.77617204763,11.4823111518,0.0
Matthew Dellavedova,300.530931153,2.35434465276,7.13740233399,0.0
Maurice Harkless,521.595145163,5.55363316845,9.66466942427,0.0
Maurice Ndour,0.0,2.83389645945,3.2387324303,0.0
Metta World Peace,0.0,1.59156819149,2.97670316039,0.0
Meyers Leonard,168.43921157,4.17437027057,9.08926729028,0.0
Michael Beasley,243.881653409,3.07374960242,8.13777794927,0.0
Michael Carter-Williams,218.797487247,5.5546277269,5.21606518296,0.0
Michael Gbinije,0.0,0.684204462574,0.789972983863,0.0
Michael Kidd-Gilchrist,351.695601221,5.60233036061,9.67505734835,0.0
Mike Conley,245.77884331,16.7711715954,19.7971424115,0.0
Mike Dunleavy,58.1606726902,3.6826586648,5.099123168,0.0
Mike Miller,0.0,1.91769913156,2.82831889205,0.0
Mike Muscala,417.260257452,3.86351803307,6.17475108975,0.0
Mike Scott,0.0,1.8227272681,2.6331869416,0.0
Miles Plumlee,64.3060316027,5.7220430796,6.61937939499,0.0
Mindaugas Kuzminskas,0.0,2.5731151929,5.37900301816,0.0
Mirza Teletovic,396.067627076,3.60478769132,8.68583443353,0.0
Mo Williams,0.0,0.0,0.0,0.0
Monta Ellis,469.198187097,7.00602709626,10.7620080062,0.0
Montrezl Harrell,138.3156017,5.11653429842,10.1666902831,0.0
Myles Turner,476.963182595,7.12633808703,11.6884121929,0.0
Nemanja Bjelica,209.694137271,4.20310489759,10.846915926,0.0
Nene Hilario,372.432106241,5.63912994396,7.96417482692,0.0
Nerlens Noel,40.4061017821,0.0,1.97948663722,0.0
Nick Collison,0.0,2.22130875581,1.73508716849,0.0
Nick Young,447.2135955,9.71029242072,11.4012026288,0.0
Nicolas Batum,206.664472229,7.33474266482,11.3434148837,0.0
Nicolas Brussino,0.0,2.81583890854,5.01963123098,0.0
Nicolas Laprovittola,0.0,3.74792990144,6.67633662608,0.0
Nik Stauskas,369.356859684,5.42599644192,7.51818204252,0.0
Nikola Jokic,786.103799554,10.7008620671,14.5282483459,0.0
Nikola Mirotic,440.804390448,4.05859205927,10.9926635754,0.0
Nikola Pekovic,0.0,0.0,0.0,0.0
Nikola Vucevic,274.507649205,9.70112161729,14.1765292614,0.0
Noah Vonleh,19.0625877093,4.14612772624,6.05205407201,0.0
Norman Powell,366.094008002,6.1792092496,10.6179993625,0.0
Omer Asik,70.33640347,2.40982181426,6.96064676005,0.0
Omri Casspi,288.160952757,6.66744688768,9.27581890328,0.0
Otto Porter,745.641117649,4.33608207135,13.4474734081,0.0
P.J. Tucker,452.187427277,6.26844414508,10.6618909377,0.0
Pascal Siakam,159.731601123,3.45437455209,6.07816075146,0.0
Pat Connaughton,0.0,1.7303346905,2.33067383628,0.0
Patricio Garino,0.0,0.0,0.0,0.0
Patrick Beverley,156.875520965,12.2168470762,14.0536427977,0.0
Patrick McCaw,0.0,4.77691817071,6.31993303323,0.0
Patrick Patterson,238.19653367,3.03141097218,6.17547769996,0.0
Patty Mills,360.235344665,3.62253797537,7.23392538104,0.0
Pau Gasol,513.07375771,7.10120775613,11.6362143728,0.0
Paul George,244.114392723,18.8641028022,19.377516953,0.0
Paul Millsap,298.294471683,13.5234779128,16.7537202692,0.0
Paul Pierce,0.0,3.71266940657,3.4597687784,0.0
Paul Zipser,0.0,1.19528142922,1.45678742785,0.0
Phil Pressey,0.0,0.0,0.0,0.0
Quincy Acy,0.0,2.53621048739,3.0115218859,0.0
Quincy Pondexter,0.0,0.0,0.0,0.0
R.J. Hunter,0.0,0.180227446209,0.257730713678,0.0
Rajon Rondo,429.662575841,12.978565137,15.702658079,0.0
Rakeem Christmas,0.0,0.982244493442,1.55982730598,0.0
Ramon Sessions,251.49349811,2.21632363363,4.80843221936,0.0
Randy Foye,0.0,5.76123963445,7.5853118935,0.0
Rashad Vaughn,20.6184570942,4.58604579552,8.50309690671,0.0
Raul Neto,0.0,2.22124561488,4.29586892211,0.0
Raymond Felton,229.426970284,3.92168880739,6.57414540112,0.0
Reggie Bullock,0.0,2.74099025934,3.66551383906,0.0
Reggie Jackson,342.403006711,9.89088707138,8.9158596215,0.0
Reggie Williams,0.0,0.0,0.0,0.0
Richard Jefferson,42.1414109883,2.69723121678,5.12879828825,0.0
Richaun Holmes,306.394436993,6.21992629394,10.1339699496,0.0
Ricky Rubio,498.4372742,10.6409961856,11.4772941124,0.0
Robert Covington,396.227104534,8.73018175466,12.5327082273,0.0
Robin Lopez,499.201490041,3.64646102601,7.18977184262,0.0
Rodney Hood,251.558408035,10.694340567,12.1996737996,0.0
Rodney McGruder,380.63319962,6.20752538686,8.12665053879,0.0
Rodney Stuckey,333.784728377,8.10159151913,10.8250748218,0.0
Ron Baker,0.0,2.06642153473,3.08987814303,0.0
Rondae Hollis-Jefferson,291.853977121,7.06198513236,11.3063190403,0.0
Roy Hibbert,318.003978925,6.41696445497,8.81391525038,0.0
Rudy Gay,328.260722659,7.63418066651,13.6895834077,0.0
Rudy Gobert,372.832511502,3.03699593785,9.75382708772,0.0
Russell Westbrook,555.56501174,4.63442247008,13.4348267587,0.0
Ryan Anderson,564.163222697,2.859481894,8.14071039776,0.0
Ryan Arcidiacono,0.0,0.0,0.0,0.0
Ryan Kelly,0.0,1.74618956952,2.6795216275,0.0
Salah Mejri,262.421889763,5.30836994654,9.28212267848,0.0
Sam Dekker,338.305120579,4.46870233199,6.64639259858,0.0
Sasha Vujacic,0.0,3.23111025336,4.88725957183,0.0
Sean Kilpatrick,841.324008309,5.98163317656,12.2022806136,0.0
Semaj Christon,0.0,3.56310078921,5.22265760722,0.0
Serge Ibaka,385.952427144,3.28596889114,9.98319194535,0.0
Sergio  Rodriguez,0.0,0.0,0.0,0.0
Sergio Rodriguez,608.451120434,7.86640919461,11.7703912394,0.0
Seth Curry,821.993770576,8.94440741112,11.1791306009,0.0
Shabazz Muhammad,20.1940936523,3.92650675781,5.83884301604,0.0
Shabazz Napier,0.0,2.98770974223,5.00043673844,0.0
Shaun Livingston,187.867287326,2.83029018546,4.31766732521,0.0
Sheldon McClellan,0.0,4.46276693271,5.17843447143,0.0
Shelvin Mack,527.698120257,4.37832229541,7.34892745194,0.0
Skal Labissiere,0.0,2.3580706053,2.32589679874,0.0
Solomon Hill,184.832074943,2.65325552043,7.14694399352,0.0
Spencer Dinwiddie,0.0,0.0,5.34048999,0.0
Spencer Hawes,497.569603376,4.96863626015,10.6743828383,0.0
Stanley Johnson,266.166574818,3.59720481816,7.2020243928,0.0
Stephen Curry,337.589717699,2.95986394453,8.26908870761,0.0
Stephen Zimmerman Jr.,0.0,1.16509698326,1.42629370239,0.0
Steve Novak,0.0,0.846040393732,0.257730713678,0.0
Steven Adams,334.934099584,2.01501170297,8.02621342542,0.0
T.J. McConnell,252.788529835,2.46351413179,8.39925895662,0.0
T.J. Warren,706.240405389,16.3070303306,17.1342240167,0.0
Taj Gibson,420.21186821,2.61054405215,7.68423249765,0.0
Tarik Black,83.0918934272,5.30547427688,7.00404195972,0.0
Taurean Prince,0.0,4.83616333007,6.7287079149,0.0
Terrence Jones,705.900577945,6.47440916666,11.3998359386,0.0
Terrence Ross,247.397804677,2.26275388451,9.15680481763,0.0
Terry Rozier,293.879649222,4.0164118765,6.8315600536,0.0
Thabo Sefolosha,320.102024552,6.71129518812,10.2531727295,0.0
Thaddeus Young,350.020407568,4.41250867606,9.80672405723,0.0
Thomas Robinson,91.1146903219,4.44642662297,7.11161882359,0.0
Thon Maker,0.0,1.90724112153,3.05093634158,0.0
Tiago Splitter,0.0,0.0,0.0,0.0
Tim Frazier,500.135728184,5.99708028508,13.6033971225,0.0
Tim Hardaway Jr.,272.554057548,3.92825814855,7.62180009805,0.0
Tim Quarterman,0.0,1.81249479625,2.13527492882,0.0
Timofey Mozgov,414.044157838,3.68864213264,7.025224095,0.0
Timothe Luwawu-Cabarrot,0.0,2.28125400531,3.64881865143,0.0
Tobias Harris,263.747216608,3.07395454275,9.30108493647,0.0
Tomas Satoransky,435.346494241,6.74303940987,7.94136118001,0.0
Toney Douglas,206.559111798,4.11153499316,0.645497224368,0.0
Tony Allen,405.616674802,9.67193829317,12.3033705176,0.0
Tony Parker,249.2186371,9.7474598164,10.4927153048,0.0
Tony Snell,170.591468941,4.17885031458,6.98618374258,0.0
Treveon Graham,0.0,1.91498707834,2.50008163132,0.0
Trevor Ariza,227.497954164,2.01594244367,7.52263133947,0.0
Trevor Booker,543.987780482,7.21124998713,11.4553744533,0.0
Trey Burke,124.489294885,3.1609151124,6.04733741866,0.0
Trey Lyles,549.196072938,2.69178644876,6.86172465974,0.0
Tristan Thompson,238.565125781,3.60500735265,9.47884174377,0.0
Troy Daniels,573.733768751,9.35923786877,12.1950007375,0.0
Troy Williams,525.489070483,8.84965478104,9.84125987502,0.0
Ty Lawson,838.988701245,5.99791561073,9.51714886134,0.0
Tyler Ennis,0.0,3.40091724694,4.65540132801,0.0
Tyler Johnson,439.182914801,6.6272271297,8.97322547974,0.0
Tyler Ulis,0.0,4.65152976373,7.5811931644,0.0
Tyler Zeller,495.923095159,6.75625823623,9.92853452793,0.0
Tyreke Evans,166.410058868,0.0,0.0,0.0
Tyson Chandler,264.467119209,11.7222635134,14.6517394663,0.0
Tyus Jones,272.855922805,4.98454289858,9.68298482057,0.0
Udonis Haslem,0.0,1.72822315264,2.23848527503,0.0
Victor Oladipo,509.414905651,8.01046999932,12.8398309516,0.0
Vince Carter,401.655698517,9.09074361408,10.721730517,0.0
Wade Baldwin IV,147.579771102,6.60937157447,9.3242707429,0.0
Walter Tavares,0.0,1.71444062792,1.67829278336,0.0
Wayne Ellington,592.662618689,10.0319335349,11.8414526136,0.0
Wesley Johnson,19.7948663722,4.15384501494,6.75304919791,0.0
Wesley Matthews,276.727328221,4.0866823146,10.4987123493,0.0
Will Barton,713.302180005,14.5347253493,15.0274442815,0.0
Willie Cauley-Stein,204.040812244,3.46164533252,6.04603091258,0.0
Willie Reed,98.9743318611,4.93047555764,7.902053466,0.0
Willy Hernangomez,34.1565025532,6.38119724921,12.1884080858,0.0
Wilson Chandler,881.242165981,11.1627830339,15.7987147501,0.0
Yogi Ferrell,0.0,4.76731099823,7.48598690889,0.0
Zach LaVine,275.185301851,6.78385127494,11.0990862828,0.0
Zach Randolph,336.269122991,12.5490826703,13.2646373233,0.0
Zaza Pachulia,271.968412681,5.48006875363,8.9643430156,0.0
